LOCATION,INDICATOR,SUBJECT,MEASURE,FREQUENCY,TIME,Value,Flag Codes,,,,,,
AUS,TAXREV,TOT,MLN_USD,A,1966,5.997,AUS,TAXREV,TOT,PC_GDP,A,1965,20.639
AUS,TAXREV,TOT,MLN_USD,A,1968,7.41,AUS,TAXREV,TOT,PC_GDP,A,1966,19.86
AUS,TAXREV,TOT,MLN_USD,A,1970,9.473,AUS,TAXREV,TOT,PC_GDP,A,1967,20.439
AUS,TAXREV,TOT,MLN_USD,A,1972,12.698,AUS,TAXREV,TOT,PC_GDP,A,1968,20.371
AUS,TAXREV,TOT,MLN_USD,A,1974,25.295,AUS,TAXREV,TOT,PC_GDP,A,1969,20.713
AUS,TAXREV,TOT,MLN_USD,A,1976,30.092,AUS,TAXREV,TOT,PC_GDP,A,1970,21.105
AUS,TAXREV,TOT,MLN_USD,A,1978,33.336,AUS,TAXREV,TOT,PC_GDP,A,1971,21.856
AUS,TAXREV,TOT,MLN_USD,A,1980,45.465,AUS,TAXREV,TOT,PC_GDP,A,1972,21.413
AUS,TAXREV,TOT,MLN_USD,A,1982,51.521,AUS,TAXREV,TOT,PC_GDP,A,1973,22.504
AUS,TAXREV,TOT,MLN_USD,A,1984,57.073,AUS,TAXREV,TOT,PC_GDP,A,1974,24.643
AUS,TAXREV,TOT,MLN_USD,A,1986,54.499,AUS,TAXREV,TOT,PC_GDP,A,1975,25.381
AUS,TAXREV,TOT,MLN_USD,A,1988,81.213,AUS,TAXREV,TOT,PC_GDP,A,1976,25.561
AUS,TAXREV,TOT,MLN_USD,A,1990,90.886,AUS,TAXREV,TOT,PC_GDP,A,1977,25.427
AUS,TAXREV,TOT,MLN_USD,A,1992,85.059,AUS,TAXREV,TOT,PC_GDP,A,1978,24.535
AUS,TAXREV,TOT,MLN_USD,A,1994,99.367,AUS,TAXREV,TOT,PC_GDP,A,1979,25.156
AUS,TAXREV,TOT,MLN_USD,A,1996,125.781,AUS,TAXREV,TOT,PC_GDP,A,1980,26.217
AUS,TAXREV,TOT,MLN_USD,A,1998,114.627,AUS,TAXREV,TOT,PC_GDP,A,1981,26.389
AUS,TAXREV,TOT,MLN_USD,A,2000,124.385,AUS,TAXREV,TOT,PC_GDP,A,1982,26.864
AUS,TAXREV,TOT,MLN_USD,A,2002,129.63,AUS,TAXREV,TOT,PC_GDP,A,1983,26.116
AUS,TAXREV,TOT,MLN_USD,A,2004,205.416,AUS,TAXREV,TOT,PC_GDP,A,1984,27.713
AUS,TAXREV,TOT,MLN_USD,A,2006,240.492,AUS,TAXREV,TOT,PC_GDP,A,1985,27.768
AUS,TAXREV,TOT,MLN_USD,A,2008,282.305,AUS,TAXREV,TOT,PC_GDP,A,1986,28.539
AUS,TAXREV,TOT,MLN_USD,A,2010,328.349,AUS,TAXREV,TOT,PC_GDP,A,1987,28.637
AUS,TAXREV,TOT,MLN_USD,A,2012,427.972,AUS,TAXREV,TOT,PC_GDP,A,1988,28.293
AUS,TAXREV,TOT,MLN_USD,A,2014,399.343,AUS,TAXREV,TOT,PC_GDP,A,1989,28.009
AUS,TAXREV,TOT,MLN_USD,A,2016,362.049,AUS,TAXREV,TOT,PC_GDP,A,1990,28.104
AUT,TAXREV,TOT,MLN_USD,A,1980,41.355,AUS,TAXREV,TOT,PC_GDP,A,1991,26.668
AUT,TAXREV,TOT,MLN_USD,A,1982,33.143,AUS,TAXREV,TOT,PC_GDP,A,1992,26.135
AUT,TAXREV,TOT,MLN_USD,A,1984,30.923,AUS,TAXREV,TOT,PC_GDP,A,1993,26.605
AUT,TAXREV,TOT,MLN_USD,A,1986,43.499,AUS,TAXREV,TOT,PC_GDP,A,1994,27.507
AUT,TAXREV,TOT,MLN_USD,A,1988,56.497,AUS,TAXREV,TOT,PC_GDP,A,1995,28.285
AUT,TAXREV,TOT,MLN_USD,A,1990,68.606,AUS,TAXREV,TOT,PC_GDP,A,1996,28.924
AUT,TAXREV,TOT,MLN_USD,A,1992,83.239,AUS,TAXREV,TOT,PC_GDP,A,1997,28.666
AUT,TAXREV,TOT,MLN_USD,A,1994,83.009,AUS,TAXREV,TOT,PC_GDP,A,1998,29.448
AUT,TAXREV,TOT,MLN_USD,A,1996,98.804,AUS,TAXREV,TOT,PC_GDP,A,1999,29.818
AUT,TAXREV,TOT,MLN_USD,A,1998,95.407,AUS,TAXREV,TOT,PC_GDP,A,2000,30.471
AUT,TAXREV,TOT,MLN_USD,A,2000,83.241,AUS,TAXREV,TOT,PC_GDP,A,2001,28.939
AUT,TAXREV,TOT,MLN_USD,A,2002,91.238,AUS,TAXREV,TOT,PC_GDP,A,2002,29.812
AUT,TAXREV,TOT,MLN_USD,A,2004,126.337,AUS,TAXREV,TOT,PC_GDP,A,2003,29.991
AUT,TAXREV,TOT,MLN_USD,A,2006,135.839,AUS,TAXREV,TOT,PC_GDP,A,2004,30.304
AUT,TAXREV,TOT,MLN_USD,A,2008,177.77,AUS,TAXREV,TOT,PC_GDP,A,2005,29.996
AUT,TAXREV,TOT,MLN_USD,A,2010,160.51,AUS,TAXREV,TOT,PC_GDP,A,2006,29.429
AUT,TAXREV,TOT,MLN_USD,A,2012,171.067,AUS,TAXREV,TOT,PC_GDP,A,2007,29.56
AUT,TAXREV,TOT,MLN_USD,A,2014,188.738,AUS,TAXREV,TOT,PC_GDP,A,2008,26.866
AUT,TAXREV,TOT,MLN_USD,A,2016,165.001,AUS,TAXREV,TOT,PC_GDP,A,2009,25.574
BEL,TAXREV,TOT,MLN_USD,A,1979,49.102,AUS,TAXREV,TOT,PC_GDP,A,2010,25.311
BEL,TAXREV,TOT,MLN_USD,A,1981,43.989,AUS,TAXREV,TOT,PC_GDP,A,2011,25.934
BEL,TAXREV,TOT,MLN_USD,A,1983,42.154,AUS,TAXREV,TOT,PC_GDP,A,2012,26.952
BEL,TAXREV,TOT,MLN_USD,A,1985,41.99,AUS,TAXREV,TOT,PC_GDP,A,2013,27.156
BEL,TAXREV,TOT,MLN_USD,A,1987,70.282,AUS,TAXREV,TOT,PC_GDP,A,2014,27.325
BEL,TAXREV,TOT,MLN_USD,A,1989,72.338,AUS,TAXREV,TOT,PC_GDP,A,2015,27.919
BEL,TAXREV,TOT,MLN_USD,A,1991,91.649,AUS,TAXREV,TOT,PC_GDP,A,2016,27.758
BEL,TAXREV,TOT,MLN_USD,A,1993,96.242,AUT,TAXREV,TOT,PC_GDP,A,1965,33.509
BEL,TAXREV,TOT,MLN_USD,A,1995,117.874,AUT,TAXREV,TOT,PC_GDP,A,1966,34.201
BEL,TAXREV,TOT,MLN_USD,A,1997,111.273,AUT,TAXREV,TOT,PC_GDP,A,1967,34.101
BEL,TAXREV,TOT,MLN_USD,A,1999,114.215,AUT,TAXREV,TOT,PC_GDP,A,1968,34.149
BEL,TAXREV,TOT,MLN_USD,A,2001,103.433,AUT,TAXREV,TOT,PC_GDP,A,1969,34.6
BEL,TAXREV,TOT,MLN_USD,A,2003,137.755,AUT,TAXREV,TOT,PC_GDP,A,1970,33.586
BEL,TAXREV,TOT,MLN_USD,A,2005,167.044,AUT,TAXREV,TOT,PC_GDP,A,1971,34.26
BEL,TAXREV,TOT,MLN_USD,A,2007,201.595,AUT,TAXREV,TOT,PC_GDP,A,1972,34.678
BEL,TAXREV,TOT,MLN_USD,A,2009,205.303,AUT,TAXREV,TOT,PC_GDP,A,1973,34.849
BEL,TAXREV,TOT,MLN_USD,A,2011,227.421,AUT,TAXREV,TOT,PC_GDP,A,1974,35.825
BEL,TAXREV,TOT,MLN_USD,A,2013,234.925,AUT,TAXREV,TOT,PC_GDP,A,1975,36.335
BEL,TAXREV,TOT,MLN_USD,A,2015,203.964,AUT,TAXREV,TOT,PC_GDP,A,1976,36.205
BEL,TAXREV,TOT,MLN_USD,A,2017,219.797,AUT,TAXREV,TOT,PC_GDP,A,1977,36.549
CAN,TAXREV,TOT,MLN_USD,A,1966,16.414,AUT,TAXREV,TOT,PC_GDP,A,1978,38.69
CAN,TAXREV,TOT,MLN_USD,A,1968,20.741,AUT,TAXREV,TOT,PC_GDP,A,1979,38.095
CAN,TAXREV,TOT,MLN_USD,A,1970,26.99,AUT,TAXREV,TOT,PC_GDP,A,1980,38.573
CAN,TAXREV,TOT,MLN_USD,A,1972,35.492,AUT,TAXREV,TOT,PC_GDP,A,1981,39.647
CAN,TAXREV,TOT,MLN_USD,A,1974,53.211,AUT,TAXREV,TOT,PC_GDP,A,1982,38.423
CAN,TAXREV,TOT,MLN_USD,A,1976,65.757,AUT,TAXREV,TOT,PC_GDP,A,1983,38.114
CAN,TAXREV,TOT,MLN_USD,A,1978,67.213,AUT,TAXREV,TOT,PC_GDP,A,1984,39.774
CAN,TAXREV,TOT,MLN_USD,A,1980,86.383,AUT,TAXREV,TOT,PC_GDP,A,1985,40.436
CAN,TAXREV,TOT,MLN_USD,A,1982,103.08,AUT,TAXREV,TOT,PC_GDP,A,1986,40.34
CAN,TAXREV,TOT,MLN_USD,A,1984,115.364,AUT,TAXREV,TOT,PC_GDP,A,1987,39.959
CAN,TAXREV,TOT,MLN_USD,A,1986,124.58,AUT,TAXREV,TOT,PC_GDP,A,1988,39.96
CAN,TAXREV,TOT,MLN_USD,A,1988,170.916,AUT,TAXREV,TOT,PC_GDP,A,1989,38.945
CAN,TAXREV,TOT,MLN_USD,A,1990,209.202,AUT,TAXREV,TOT,PC_GDP,A,1990,39.288
CAN,TAXREV,TOT,MLN_USD,A,1992,210.06,AUT,TAXREV,TOT,PC_GDP,A,1991,39.748
CAN,TAXREV,TOT,MLN_USD,A,1994,202.233,AUT,TAXREV,TOT,PC_GDP,A,1992,41.282
CAN,TAXREV,TOT,MLN_USD,A,1996,223.294,AUT,TAXREV,TOT,PC_GDP,A,1993,41.688
CAN,TAXREV,TOT,MLN_USD,A,1998,228.973,AUT,TAXREV,TOT,PC_GDP,A,1994,41.421
CAN,TAXREV,TOT,MLN_USD,A,2000,262.765,AUT,TAXREV,TOT,PC_GDP,A,1995,41.271
CAN,TAXREV,TOT,MLN_USD,A,2002,251.511,AUT,TAXREV,TOT,PC_GDP,A,1996,42.641
CAN,TAXREV,TOT,MLN_USD,A,2004,335.836,AUT,TAXREV,TOT,PC_GDP,A,1997,43.44
CAN,TAXREV,TOT,MLN_USD,A,2006,431.764,AUT,TAXREV,TOT,PC_GDP,A,1998,43.447
CAN,TAXREV,TOT,MLN_USD,A,2008,484.818,AUT,TAXREV,TOT,PC_GDP,A,1999,43.09
CAN,TAXREV,TOT,MLN_USD,A,2010,501.431,AUT,TAXREV,TOT,PC_GDP,A,2000,42.285
CAN,TAXREV,TOT,MLN_USD,A,2012,570.109,AUT,TAXREV,TOT,PC_GDP,A,2001,43.886
CAN,TAXREV,TOT,MLN_USD,A,2014,564.62,AUT,TAXREV,TOT,PC_GDP,A,2002,42.697
CAN,TAXREV,TOT,MLN_USD,A,2016,502.388,AUT,TAXREV,TOT,PC_GDP,A,2003,42.409
CZE,TAXREV,TOT,MLN_USD,A,1993,15.01,AUT,TAXREV,TOT,PC_GDP,A,2004,41.958
CZE,TAXREV,TOT,MLN_USD,A,1995,20.749,AUT,TAXREV,TOT,PC_GDP,A,2005,41.012
CZE,TAXREV,TOT,MLN_USD,A,1997,20.762,AUT,TAXREV,TOT,PC_GDP,A,2006,40.408
CZE,TAXREV,TOT,MLN_USD,A,1999,21.574,AUT,TAXREV,TOT,PC_GDP,A,2007,40.548
CZE,TAXREV,TOT,MLN_USD,A,2001,21.978,AUT,TAXREV,TOT,PC_GDP,A,2008,41.391
CZE,TAXREV,TOT,MLN_USD,A,2003,34.13,AUT,TAXREV,TOT,PC_GDP,A,2009,40.98
CZE,TAXREV,TOT,MLN_USD,A,2005,46.956,AUT,TAXREV,TOT,PC_GDP,A,2010,40.958
CZE,TAXREV,TOT,MLN_USD,A,2007,64.752,AUT,TAXREV,TOT,PC_GDP,A,2011,41.119
CZE,TAXREV,TOT,MLN_USD,A,2009,66.605,AUT,TAXREV,TOT,PC_GDP,A,2012,41.767
CZE,TAXREV,TOT,MLN_USD,A,2011,75.914,AUT,TAXREV,TOT,PC_GDP,A,2013,42.635
CZE,TAXREV,TOT,MLN_USD,A,2013,71.397,AUT,TAXREV,TOT,PC_GDP,A,2014,42.71
CZE,TAXREV,TOT,MLN_USD,A,2015,62.317,AUT,TAXREV,TOT,PC_GDP,A,2015,43.098
CZE,TAXREV,TOT,MLN_USD,A,2017,75.278,AUT,TAXREV,TOT,PC_GDP,A,2016,42.233
DNK,TAXREV,TOT,MLN_USD,A,1966,3.54,AUT,TAXREV,TOT,PC_GDP,A,2017,41.774
DNK,TAXREV,TOT,MLN_USD,A,1968,4.452,BEL,TAXREV,TOT,PC_GDP,A,1965,30.625
DNK,TAXREV,TOT,MLN_USD,A,1970,6.295,BEL,TAXREV,TOT,PC_GDP,A,1966,32.723
DNK,TAXREV,TOT,MLN_USD,A,1972,9.038,BEL,TAXREV,TOT,PC_GDP,A,1967,33.383
DNK,TAXREV,TOT,MLN_USD,A,1974,13.81,BEL,TAXREV,TOT,PC_GDP,A,1968,34.198
DNK,TAXREV,TOT,MLN_USD,A,1976,16.84,BEL,TAXREV,TOT,PC_GDP,A,1969,34.374
DNK,TAXREV,TOT,MLN_USD,A,1978,23.798,BEL,TAXREV,TOT,PC_GDP,A,1970,33.247
DNK,TAXREV,TOT,MLN_USD,A,1980,29.274,BEL,TAXREV,TOT,PC_GDP,A,1971,34.375
DNK,TAXREV,TOT,MLN_USD,A,1982,23.875,BEL,TAXREV,TOT,PC_GDP,A,1972,34.224
DNK,TAXREV,TOT,MLN_USD,A,1984,25.002,BEL,TAXREV,TOT,PC_GDP,A,1973,35.331
DNK,TAXREV,TOT,MLN_USD,A,1986,40.355,BEL,TAXREV,TOT,PC_GDP,A,1974,36.212
DNK,TAXREV,TOT,MLN_USD,A,1988,54.233,BEL,TAXREV,TOT,PC_GDP,A,1975,38.734
DNK,TAXREV,TOT,MLN_USD,A,1990,61.4,BEL,TAXREV,TOT,PC_GDP,A,1976,38.933
DNK,TAXREV,TOT,MLN_USD,A,1992,67.466,BEL,TAXREV,TOT,PC_GDP,A,1977,40.846
DNK,TAXREV,TOT,MLN_USD,A,1994,72.664,BEL,TAXREV,TOT,PC_GDP,A,1978,41.42
DNK,TAXREV,TOT,MLN_USD,A,1996,87.656,BEL,TAXREV,TOT,PC_GDP,A,1979,42.172
DNK,TAXREV,TOT,MLN_USD,A,1998,83.732,BEL,TAXREV,TOT,PC_GDP,A,1980,40.509
DNK,TAXREV,TOT,MLN_USD,A,2000,76.903,BEL,TAXREV,TOT,PC_GDP,A,1981,40.772
DNK,TAXREV,TOT,MLN_USD,A,2002,81.216,BEL,TAXREV,TOT,PC_GDP,A,1982,41.984
DNK,TAXREV,TOT,MLN_USD,A,2004,116.689,BEL,TAXREV,TOT,PC_GDP,A,1983,42.682
DNK,TAXREV,TOT,MLN_USD,A,2006,131.517,BEL,TAXREV,TOT,PC_GDP,A,1984,43.395
DNK,TAXREV,TOT,MLN_USD,A,2008,158.155,BEL,TAXREV,TOT,PC_GDP,A,1985,43.481
DNK,TAXREV,TOT,MLN_USD,A,2010,144.171,BEL,TAXREV,TOT,PC_GDP,A,1986,43.23
DNK,TAXREV,TOT,MLN_USD,A,2012,148.956,BEL,TAXREV,TOT,PC_GDP,A,1987,43.858
DNK,TAXREV,TOT,MLN_USD,A,2014,171.121,BEL,TAXREV,TOT,PC_GDP,A,1988,42.547
DNK,TAXREV,TOT,MLN_USD,A,2016,141.772,BEL,TAXREV,TOT,PC_GDP,A,1989,40.739
FIN,TAXREV,TOT,MLN_USD,A,1979,14.019,BEL,TAXREV,TOT,PC_GDP,A,1990,41.172
FIN,TAXREV,TOT,MLN_USD,A,1981,15.806,BEL,TAXREV,TOT,PC_GDP,A,1991,41.387
FIN,TAXREV,TOT,MLN_USD,A,1983,15.322,BEL,TAXREV,TOT,PC_GDP,A,1992,40.961
FIN,TAXREV,TOT,MLN_USD,A,1985,17.258,BEL,TAXREV,TOT,PC_GDP,A,1993,42.405
FIN,TAXREV,TOT,MLN_USD,A,1987,30.264,BEL,TAXREV,TOT,PC_GDP,A,1994,42.684
FIN,TAXREV,TOT,MLN_USD,A,1989,39.302,BEL,TAXREV,TOT,PC_GDP,A,1995,42.609
FIN,TAXREV,TOT,MLN_USD,A,1991,47.78,BEL,TAXREV,TOT,PC_GDP,A,1996,43.02
FIN,TAXREV,TOT,MLN_USD,A,1993,43.671,BEL,TAXREV,TOT,PC_GDP,A,1997,43.451
FIN,TAXREV,TOT,MLN_USD,A,1995,57.328,BEL,TAXREV,TOT,PC_GDP,A,1998,44.084
FIN,TAXREV,TOT,MLN_USD,A,1997,56.432,BEL,TAXREV,TOT,PC_GDP,A,1999,43.893
FIN,TAXREV,TOT,MLN_USD,A,1999,59.851,BEL,TAXREV,TOT,PC_GDP,A,2000,43.537
FIN,TAXREV,TOT,MLN_USD,A,2001,55.841,BEL,TAXREV,TOT,PC_GDP,A,2001,43.454
FIN,TAXREV,TOT,MLN_USD,A,2003,72.582,BEL,TAXREV,TOT,PC_GDP,A,2002,43.627
FIN,TAXREV,TOT,MLN_USD,A,2005,86.041,BEL,TAXREV,TOT,PC_GDP,A,2003,43.142
FIN,TAXREV,TOT,MLN_USD,A,2007,106.021,BEL,TAXREV,TOT,PC_GDP,A,2004,43.215
FIN,TAXREV,TOT,MLN_USD,A,2009,102.949,BEL,TAXREV,TOT,PC_GDP,A,2005,43.151
FIN,TAXREV,TOT,MLN_USD,A,2011,115.065,BEL,TAXREV,TOT,PC_GDP,A,2006,42.96
FIN,TAXREV,TOT,MLN_USD,A,2013,117.733,BEL,TAXREV,TOT,PC_GDP,A,2007,42.72
FIN,TAXREV,TOT,MLN_USD,A,2015,102.14,BEL,TAXREV,TOT,PC_GDP,A,2008,43.25
FIN,TAXREV,TOT,MLN_USD,A,2017,109.36,BEL,TAXREV,TOT,PC_GDP,A,2009,42.37
FRA,TAXREV,TOT,MLN_USD,A,1980,248.154,BEL,TAXREV,TOT,PC_GDP,A,2010,42.621
FRA,TAXREV,TOT,MLN_USD,A,1982,231.108,BEL,TAXREV,TOT,PC_GDP,A,2011,43.141
FRA,TAXREV,TOT,MLN_USD,A,1984,233.1,BEL,TAXREV,TOT,PC_GDP,A,2012,44.172
FRA,TAXREV,TOT,MLN_USD,A,1986,333.44,BEL,TAXREV,TOT,PC_GDP,A,2013,45.106
FRA,TAXREV,TOT,MLN_USD,A,1988,452.962,BEL,TAXREV,TOT,PC_GDP,A,2014,45.073
FRA,TAXREV,TOT,MLN_USD,A,1990,550.698,BEL,TAXREV,TOT,PC_GDP,A,2015,44.813
FRA,TAXREV,TOT,MLN_USD,A,1992,602.402,BEL,TAXREV,TOT,PC_GDP,A,2016,44.081
FRA,TAXREV,TOT,MLN_USD,A,1994,594.432,BEL,TAXREV,TOT,PC_GDP,A,2017,44.598
FRA,TAXREV,TOT,MLN_USD,A,1996,690.751,CAN,TAXREV,TOT,PC_GDP,A,1965,25.055
FRA,TAXREV,TOT,MLN_USD,A,1998,658.264,CAN,TAXREV,TOT,PC_GDP,A,1966,26.079
FRA,TAXREV,TOT,MLN_USD,A,2000,591.796,CAN,TAXREV,TOT,PC_GDP,A,1967,27.076
FRA,TAXREV,TOT,MLN_USD,A,2002,634.555,CAN,TAXREV,TOT,PC_GDP,A,1968,27.873
FRA,TAXREV,TOT,MLN_USD,A,2004,897.94,CAN,TAXREV,TOT,PC_GDP,A,1969,30.007
FRA,TAXREV,TOT,MLN_USD,A,2006,1003.823,CAN,TAXREV,TOT,PC_GDP,A,1970,30.042
FRA,TAXREV,TOT,MLN_USD,A,2008,1233.108,CAN,TAXREV,TOT,PC_GDP,A,1971,29.578
FRA,TAXREV,TOT,MLN_USD,A,2010,1113.717,CAN,TAXREV,TOT,PC_GDP,A,1972,30.097
FRA,TAXREV,TOT,MLN_USD,A,2012,1190.984,CAN,TAXREV,TOT,PC_GDP,A,1973,29.68
FRA,TAXREV,TOT,MLN_USD,A,2014,1296.356,CAN,TAXREV,TOT,PC_GDP,A,1974,32.192
FRA,TAXREV,TOT,MLN_USD,A,2016,1120.374,CAN,TAXREV,TOT,PC_GDP,A,1975,31.278
DEU,TAXREV,TOT,MLN_USD,A,1979,367.462,CAN,TAXREV,TOT,PC_GDP,A,1976,30.706
DEU,TAXREV,TOT,MLN_USD,A,1981,329.664,CAN,TAXREV,TOT,PC_GDP,A,1977,29.95
DEU,TAXREV,TOT,MLN_USD,A,1983,283.999,CAN,TAXREV,TOT,PC_GDP,A,1978,29.677
DEU,TAXREV,TOT,MLN_USD,A,1985,268.713,CAN,TAXREV,TOT,PC_GDP,A,1979,29.453
DEU,TAXREV,TOT,MLN_USD,A,1987,445.583,CAN,TAXREV,TOT,PC_GDP,A,1980,30.43
DEU,TAXREV,TOT,MLN_USD,A,1989,478.938,CAN,TAXREV,TOT,PC_GDP,A,1981,32.621
DEU,TAXREV,TOT,MLN_USD,A,1991,683.588,CAN,TAXREV,TOT,PC_GDP,A,1982,32.444
DEU,TAXREV,TOT,MLN_USD,A,1993,733.852,CAN,TAXREV,TOT,PC_GDP,A,1983,31.883
DEU,TAXREV,TOT,MLN_USD,A,1995,899.358,CAN,TAXREV,TOT,PC_GDP,A,1984,31.83
DEU,TAXREV,TOT,MLN_USD,A,1997,785.675,CAN,TAXREV,TOT,PC_GDP,A,1985,31.739
DEU,TAXREV,TOT,MLN_USD,A,1999,795.503,CAN,TAXREV,TOT,PC_GDP,A,1986,32.488
DEU,TAXREV,TOT,MLN_USD,A,2001,683.431,CAN,TAXREV,TOT,PC_GDP,A,1987,33.451
DEU,TAXREV,TOT,MLN_USD,A,2003,868.089,CAN,TAXREV,TOT,PC_GDP,A,1988,33.163
DEU,TAXREV,TOT,MLN_USD,A,2005,968.527,CAN,TAXREV,TOT,PC_GDP,A,1989,34.255
DEU,TAXREV,TOT,MLN_USD,A,2007,1200.351,CAN,TAXREV,TOT,PC_GDP,A,1990,35.199
DEU,TAXREV,TOT,MLN_USD,A,2009,1233.156,CAN,TAXREV,TOT,PC_GDP,A,1991,35.63
DEU,TAXREV,TOT,MLN_USD,A,2011,1341.915,CAN,TAXREV,TOT,PC_GDP,A,1992,35.184
DEU,TAXREV,TOT,MLN_USD,A,2013,1379.493,CAN,TAXREV,TOT,PC_GDP,A,1993,34.555
DEU,TAXREV,TOT,MLN_USD,A,2015,1251.146,CAN,TAXREV,TOT,PC_GDP,A,1994,34.511
DEU,TAXREV,TOT,MLN_USD,A,2017,1387.042,CAN,TAXREV,TOT,PC_GDP,A,1995,34.74
GRC,TAXREV,TOT,MLN_USD,A,1980,2.05,CAN,TAXREV,TOT,PC_GDP,A,1996,35.056
GRC,TAXREV,TOT,MLN_USD,A,1982,2.466,CAN,TAXREV,TOT,PC_GDP,A,1997,35.912
GRC,TAXREV,TOT,MLN_USD,A,1984,3.067,CAN,TAXREV,TOT,PC_GDP,A,1998,35.836
GRC,TAXREV,TOT,MLN_USD,A,1986,5.859,CAN,TAXREV,TOT,PC_GDP,A,1999,35.609
GRC,TAXREV,TOT,MLN_USD,A,1988,8.881,CAN,TAXREV,TOT,PC_GDP,A,2000,34.79
GRC,TAXREV,TOT,MLN_USD,A,1990,14.564,CAN,TAXREV,TOT,PC_GDP,A,2001,34.206
GRC,TAXREV,TOT,MLN_USD,A,1992,21.983,CAN,TAXREV,TOT,PC_GDP,A,2002,33.199
GRC,TAXREV,TOT,MLN_USD,A,1994,26.425,CAN,TAXREV,TOT,PC_GDP,A,2003,32.816
GRC,TAXREV,TOT,MLN_USD,A,1996,44.924,CAN,TAXREV,TOT,PC_GDP,A,2004,32.825
GRC,TAXREV,TOT,MLN_USD,A,1998,42.997,CAN,TAXREV,TOT,PC_GDP,A,2005,32.766
GRC,TAXREV,TOT,MLN_USD,A,2000,43.422,CAN,TAXREV,TOT,PC_GDP,A,2006,32.821
GRC,TAXREV,TOT,MLN_USD,A,2002,49.67,CAN,TAXREV,TOT,PC_GDP,A,2007,32.58
GRC,TAXREV,TOT,MLN_USD,A,2004,72.004,CAN,TAXREV,TOT,PC_GDP,A,2008,31.313
GRC,TAXREV,TOT,MLN_USD,A,2006,82.927,CAN,TAXREV,TOT,PC_GDP,A,2009,32.428
GRC,TAXREV,TOT,MLN_USD,A,2008,109.593,CAN,TAXREV,TOT,PC_GDP,A,2010,31.08
GRC,TAXREV,TOT,MLN_USD,A,2010,95.863,CAN,TAXREV,TOT,PC_GDP,A,2011,30.875
GRC,TAXREV,TOT,MLN_USD,A,2012,87.247,CAN,TAXREV,TOT,PC_GDP,A,2012,31.253
GRC,TAXREV,TOT,MLN_USD,A,2014,84.729,CAN,TAXREV,TOT,PC_GDP,A,2013,31.209
GRC,TAXREV,TOT,MLN_USD,A,2016,74.825,CAN,TAXREV,TOT,PC_GDP,A,2014,31.34
HUN,TAXREV,TOT,MLN_USD,A,1991,15.501,CAN,TAXREV,TOT,PC_GDP,A,2015,32.678
HUN,TAXREV,TOT,MLN_USD,A,1993,18.14,CAN,TAXREV,TOT,PC_GDP,A,2016,32.713
HUN,TAXREV,TOT,MLN_USD,A,1995,18.927,CAN,TAXREV,TOT,PC_GDP,A,2017,32.241
HUN,TAXREV,TOT,MLN_USD,A,1997,17.867,CZE,TAXREV,TOT,PC_GDP,A,1993,36.96
HUN,TAXREV,TOT,MLN_USD,A,1999,18.79,CZE,TAXREV,TOT,PC_GDP,A,1994,35.699
HUN,TAXREV,TOT,MLN_USD,A,2001,20.239,CZE,TAXREV,TOT,PC_GDP,A,1995,34.712
HUN,TAXREV,TOT,MLN_USD,A,2003,31.783,CZE,TAXREV,TOT,PC_GDP,A,1996,33.307
HUN,TAXREV,TOT,MLN_USD,A,2005,41.308,CZE,TAXREV,TOT,PC_GDP,A,1997,33.606
HUN,TAXREV,TOT,MLN_USD,A,2007,55.09,CZE,TAXREV,TOT,PC_GDP,A,1998,32.452
HUN,TAXREV,TOT,MLN_USD,A,2009,50.931,CZE,TAXREV,TOT,PC_GDP,A,1999,33.278
HUN,TAXREV,TOT,MLN_USD,A,2011,51.071,CZE,TAXREV,TOT,PC_GDP,A,2000,32.428
HUN,TAXREV,TOT,MLN_USD,A,2013,51.34,CZE,TAXREV,TOT,PC_GDP,A,2001,32.542
HUN,TAXREV,TOT,MLN_USD,A,2015,47.589,CZE,TAXREV,TOT,PC_GDP,A,2002,33.391
HUN,TAXREV,TOT,MLN_USD,A,2017,52.459,CZE,TAXREV,TOT,PC_GDP,A,2003,34.257
ISL,TAXREV,TOT,MLN_USD,A,1970,0.142,CZE,TAXREV,TOT,PC_GDP,A,2004,34.684
ISL,TAXREV,TOT,MLN_USD,A,1980,0.989,CZE,TAXREV,TOT,PC_GDP,A,2005,34.451
ISL,TAXREV,TOT,MLN_USD,A,1982,0.984,CZE,TAXREV,TOT,PC_GDP,A,2006,34.016
ISL,TAXREV,TOT,MLN_USD,A,1984,0.834,CZE,TAXREV,TOT,PC_GDP,A,2007,34.211
ISL,TAXREV,TOT,MLN_USD,A,1986,1.115,CZE,TAXREV,TOT,PC_GDP,A,2008,33.454
ISL,TAXREV,TOT,MLN_USD,A,1988,1.881,CZE,TAXREV,TOT,PC_GDP,A,2009,32.283
ISL,TAXREV,TOT,MLN_USD,A,1990,1.969,CZE,TAXREV,TOT,PC_GDP,A,2010,32.476
ISL,TAXREV,TOT,MLN_USD,A,1992,2.239,CZE,TAXREV,TOT,PC_GDP,A,2011,33.259
ISL,TAXREV,TOT,MLN_USD,A,1994,1.925,CZE,TAXREV,TOT,PC_GDP,A,2012,33.677
ISL,TAXREV,TOT,MLN_USD,A,1996,2.361,CZE,TAXREV,TOT,PC_GDP,A,2013,34.078
ISL,TAXREV,TOT,MLN_USD,A,1998,2.851,CZE,TAXREV,TOT,PC_GDP,A,2014,33.095
ISL,TAXREV,TOT,MLN_USD,A,2000,3.229,CZE,TAXREV,TOT,PC_GDP,A,2015,33.347
ISL,TAXREV,TOT,MLN_USD,A,2002,3.149,CZE,TAXREV,TOT,PC_GDP,A,2016,34.237
ISL,TAXREV,TOT,MLN_USD,A,2004,5.022,CZE,TAXREV,TOT,PC_GDP,A,2017,34.893
ISL,TAXREV,TOT,MLN_USD,A,2006,6.936,DNK,TAXREV,TOT,PC_GDP,A,1965,29.125
ISL,TAXREV,TOT,MLN_USD,A,2008,6.177,DNK,TAXREV,TOT,PC_GDP,A,1966,29.673
ISL,TAXREV,TOT,MLN_USD,A,2010,4.42,DNK,TAXREV,TOT,PC_GDP,A,1967,30.156
ISL,TAXREV,TOT,MLN_USD,A,2012,5.007,DNK,TAXREV,TOT,PC_GDP,A,1968,32.896
ISL,TAXREV,TOT,MLN_USD,A,2014,6.635,DNK,TAXREV,TOT,PC_GDP,A,1969,32.506
ISL,TAXREV,TOT,MLN_USD,A,2016,10.474,DNK,TAXREV,TOT,PC_GDP,A,1970,36.866
IRL,TAXREV,TOT,MLN_USD,A,1965,0.698,DNK,TAXREV,TOT,PC_GDP,A,1971,39.443
IRL,TAXREV,TOT,MLN_USD,A,1967,0.868,DNK,TAXREV,TOT,PC_GDP,A,1972,39.057
IRL,TAXREV,TOT,MLN_USD,A,1969,1.025,DNK,TAXREV,TOT,PC_GDP,A,1973,38.517
IRL,TAXREV,TOT,MLN_USD,A,1971,1.464,DNK,TAXREV,TOT,PC_GDP,A,1974,40.364
IRL,TAXREV,TOT,MLN_USD,A,1973,2.063,DNK,TAXREV,TOT,PC_GDP,A,1975,36.785
IRL,TAXREV,TOT,MLN_USD,A,1975,2.647,DNK,TAXREV,TOT,PC_GDP,A,1976,37.774
IRL,TAXREV,TOT,MLN_USD,A,1977,3.313,DNK,TAXREV,TOT,PC_GDP,A,1977,38.223
IRL,TAXREV,TOT,MLN_USD,A,1979,4.29,DNK,TAXREV,TOT,PC_GDP,A,1978,39.399
IRL,TAXREV,TOT,MLN_USD,A,1981,5.657,DNK,TAXREV,TOT,PC_GDP,A,1979,40.446
IRL,TAXREV,TOT,MLN_USD,A,1983,6.395,DNK,TAXREV,TOT,PC_GDP,A,1980,41.157
IRL,TAXREV,TOT,MLN_USD,A,1985,6.495,DNK,TAXREV,TOT,PC_GDP,A,1981,40.697
IRL,TAXREV,TOT,MLN_USD,A,1987,11.537,DNK,TAXREV,TOT,PC_GDP,A,1982,39.524
IRL,TAXREV,TOT,MLN_USD,A,1989,12.585,DNK,TAXREV,TOT,PC_GDP,A,1983,41.158
IRL,TAXREV,TOT,MLN_USD,A,1991,16.002,DNK,TAXREV,TOT,PC_GDP,A,1984,42.295
IRL,TAXREV,TOT,MLN_USD,A,1993,17.581,DNK,TAXREV,TOT,PC_GDP,A,1985,43.586
IRL,TAXREV,TOT,MLN_USD,A,1995,22.743,DNK,TAXREV,TOT,PC_GDP,A,1986,45.807
IRL,TAXREV,TOT,MLN_USD,A,1997,24.663,DNK,TAXREV,TOT,PC_GDP,A,1987,46.451
IRL,TAXREV,TOT,MLN_USD,A,1999,30.485,DNK,TAXREV,TOT,PC_GDP,A,1988,46.925
IRL,TAXREV,TOT,MLN_USD,A,2001,31.243,DNK,TAXREV,TOT,PC_GDP,A,1989,45.745
IRL,TAXREV,TOT,MLN_USD,A,2003,45.82,DNK,TAXREV,TOT,PC_GDP,A,1990,44.397
IRL,TAXREV,TOT,MLN_USD,A,2005,62.182,DNK,TAXREV,TOT,PC_GDP,A,1991,43.777
IRL,TAXREV,TOT,MLN_USD,A,2007,82.029,DNK,TAXREV,TOT,PC_GDP,A,1992,44.136
IRL,TAXREV,TOT,MLN_USD,A,2009,64.57,DNK,TAXREV,TOT,PC_GDP,A,1993,45.462
IRL,TAXREV,TOT,MLN_USD,A,2011,65.189,DNK,TAXREV,TOT,PC_GDP,A,1994,46.529
IRL,TAXREV,TOT,MLN_USD,A,2013,67.408,DNK,TAXREV,TOT,PC_GDP,A,1995,46.499
IRL,TAXREV,TOT,MLN_USD,A,2015,67.275,DNK,TAXREV,TOT,PC_GDP,A,1996,46.713
IRL,TAXREV,TOT,MLN_USD,A,2017,75.712,DNK,TAXREV,TOT,PC_GDP,A,1997,46.727
ITA,TAXREV,TOT,MLN_USD,A,1980,83.964,DNK,TAXREV,TOT,PC_GDP,A,1998,47.298
ITA,TAXREV,TOT,MLN_USD,A,1982,92.729,DNK,TAXREV,TOT,PC_GDP,A,1999,47.875
ITA,TAXREV,TOT,MLN_USD,A,1984,102.777,DNK,TAXREV,TOT,PC_GDP,A,2000,46.875
ITA,TAXREV,TOT,MLN_USD,A,1986,164.053,DNK,TAXREV,TOT,PC_GDP,A,2001,45.919
ITA,TAXREV,TOT,MLN_USD,A,1988,244.589,DNK,TAXREV,TOT,PC_GDP,A,2002,45.405
ITA,TAXREV,TOT,MLN_USD,A,1990,336.581,DNK,TAXREV,TOT,PC_GDP,A,2003,45.583
ITA,TAXREV,TOT,MLN_USD,A,1992,423.287,DNK,TAXREV,TOT,PC_GDP,A,2004,46.393
ITA,TAXREV,TOT,MLN_USD,A,1994,418.929,DNK,TAXREV,TOT,PC_GDP,A,2005,48.005
ITA,TAXREV,TOT,MLN_USD,A,1996,533.086,DNK,TAXREV,TOT,PC_GDP,A,2006,46.462
ITA,TAXREV,TOT,MLN_USD,A,1998,508.468,DNK,TAXREV,TOT,PC_GDP,A,2007,46.425
ITA,TAXREV,TOT,MLN_USD,A,2000,463.642,DNK,TAXREV,TOT,PC_GDP,A,2008,44.765
ITA,TAXREV,TOT,MLN_USD,A,2002,504.176,DNK,TAXREV,TOT,PC_GDP,A,2009,44.963
ITA,TAXREV,TOT,MLN_USD,A,2004,707.786,DNK,TAXREV,TOT,PC_GDP,A,2010,44.756
ITA,TAXREV,TOT,MLN_USD,A,2006,788.597,DNK,TAXREV,TOT,PC_GDP,A,2011,44.793
ITA,TAXREV,TOT,MLN_USD,A,2008,995.617,DNK,TAXREV,TOT,PC_GDP,A,2012,45.512
ITA,TAXREV,TOT,MLN_USD,A,2010,889.522,DNK,TAXREV,TOT,PC_GDP,A,2013,45.888
ITA,TAXREV,TOT,MLN_USD,A,2012,910.232,DNK,TAXREV,TOT,PC_GDP,A,2014,48.531
ITA,TAXREV,TOT,MLN_USD,A,2014,935.491,DNK,TAXREV,TOT,PC_GDP,A,2015,46.132
ITA,TAXREV,TOT,MLN_USD,A,2016,792.054,DNK,TAXREV,TOT,PC_GDP,A,2016,46.189
JPN,TAXREV,TOT,MLN_USD,A,1965,17.074,DNK,TAXREV,TOT,PC_GDP,A,2017,45.982
JPN,TAXREV,TOT,MLN_USD,A,1967,23.361,FIN,TAXREV,TOT,PC_GDP,A,1965,30.017
JPN,TAXREV,TOT,MLN_USD,A,1969,34.121,FIN,TAXREV,TOT,PC_GDP,A,1966,31.159
JPN,TAXREV,TOT,MLN_USD,A,1971,47.512,FIN,TAXREV,TOT,PC_GDP,A,1967,32.022
JPN,TAXREV,TOT,MLN_USD,A,1973,96.563,FIN,TAXREV,TOT,PC_GDP,A,1968,32.422
JPN,TAXREV,TOT,MLN_USD,A,1975,107.527,FIN,TAXREV,TOT,PC_GDP,A,1969,30.987
JPN,TAXREV,TOT,MLN_USD,A,1977,158.055,FIN,TAXREV,TOT,PC_GDP,A,1970,31.159
JPN,TAXREV,TOT,MLN_USD,A,1979,251.102,FIN,TAXREV,TOT,PC_GDP,A,1971,32.751
JPN,TAXREV,TOT,MLN_USD,A,1981,309.449,FIN,TAXREV,TOT,PC_GDP,A,1972,33.223
JPN,TAXREV,TOT,MLN_USD,A,1983,324.903,FIN,TAXREV,TOT,PC_GDP,A,1973,34.035
JPN,TAXREV,TOT,MLN_USD,A,1985,375.441,FIN,TAXREV,TOT,PC_GDP,A,1974,33.301
JPN,TAXREV,TOT,MLN_USD,A,1987,726.266,FIN,TAXREV,TOT,PC_GDP,A,1975,36.113
JPN,TAXREV,TOT,MLN_USD,A,1989,896.534,FIN,TAXREV,TOT,PC_GDP,A,1976,39.598
JPN,TAXREV,TOT,MLN_USD,A,1991,1007.745,FIN,TAXREV,TOT,PC_GDP,A,1977,39.801
JPN,TAXREV,TOT,MLN_USD,A,1993,1173.632,FIN,TAXREV,TOT,PC_GDP,A,1978,36.478
JPN,TAXREV,TOT,MLN_USD,A,1995,1418.506,FIN,TAXREV,TOT,PC_GDP,A,1979,35.103
JPN,TAXREV,TOT,MLN_USD,A,1997,1153.894,FIN,TAXREV,TOT,PC_GDP,A,1980,35.315
JPN,TAXREV,TOT,MLN_USD,A,1999,1154.883,FIN,TAXREV,TOT,PC_GDP,A,1981,37.268
JPN,TAXREV,TOT,MLN_USD,A,2001,1108.517,FIN,TAXREV,TOT,PC_GDP,A,1982,36.42
JPN,TAXREV,TOT,MLN_USD,A,2003,1095.489,FIN,TAXREV,TOT,PC_GDP,A,1983,36.065
JPN,TAXREV,TOT,MLN_USD,A,2005,1252.511,FIN,TAXREV,TOT,PC_GDP,A,1984,37.553
JPN,TAXREV,TOT,MLN_USD,A,2007,1241.967,FIN,TAXREV,TOT,PC_GDP,A,1985,39.14
JPN,TAXREV,TOT,MLN_USD,A,2009,1365.31,FIN,TAXREV,TOT,PC_GDP,A,1986,40.259
JPN,TAXREV,TOT,MLN_USD,A,2011,1702.132,FIN,TAXREV,TOT,PC_GDP,A,1987,38.747
JPN,TAXREV,TOT,MLN_USD,A,2013,1500.082,FIN,TAXREV,TOT,PC_GDP,A,1988,41.951
JPN,TAXREV,TOT,MLN_USD,A,2015,1351.487,FIN,TAXREV,TOT,PC_GDP,A,1989,41.54
KOR,TAXREV,TOT,MLN_USD,A,1972,1.346,FIN,TAXREV,TOT,PC_GDP,A,1990,42.907
KOR,TAXREV,TOT,MLN_USD,A,1974,2.551,FIN,TAXREV,TOT,PC_GDP,A,1991,44.449
KOR,TAXREV,TOT,MLN_USD,A,1976,4.829,FIN,TAXREV,TOT,PC_GDP,A,1992,43.966
KOR,TAXREV,TOT,MLN_USD,A,1978,8.565,FIN,TAXREV,TOT,PC_GDP,A,1993,43.478
KOR,TAXREV,TOT,MLN_USD,A,1980,11.008,FIN,TAXREV,TOT,PC_GDP,A,1994,45.508
KOR,TAXREV,TOT,MLN_USD,A,1982,13.196,FIN,TAXREV,TOT,PC_GDP,A,1995,44.496
KOR,TAXREV,TOT,MLN_USD,A,1984,15.604,FIN,TAXREV,TOT,PC_GDP,A,1996,45.7
KOR,TAXREV,TOT,MLN_USD,A,1986,17.803,FIN,TAXREV,TOT,PC_GDP,A,1997,44.966
KOR,TAXREV,TOT,MLN_USD,A,1988,30.727,FIN,TAXREV,TOT,PC_GDP,A,1998,44.827
KOR,TAXREV,TOT,MLN_USD,A,1990,52.63,FIN,TAXREV,TOT,PC_GDP,A,1999,44.258
KOR,TAXREV,TOT,MLN_USD,A,1992,64.624,FIN,TAXREV,TOT,PC_GDP,A,2000,45.82
KOR,TAXREV,TOT,MLN_USD,A,1994,86.005,FIN,TAXREV,TOT,PC_GDP,A,2001,43.171
KOR,TAXREV,TOT,MLN_USD,A,1996,118.129,FIN,TAXREV,TOT,PC_GDP,A,2002,43.333
KOR,TAXREV,TOT,MLN_USD,A,1998,72.708,FIN,TAXREV,TOT,PC_GDP,A,2003,42.388
KOR,TAXREV,TOT,MLN_USD,A,2000,120.547,FIN,TAXREV,TOT,PC_GDP,A,2004,41.822
KOR,TAXREV,TOT,MLN_USD,A,2002,133.682,FIN,TAXREV,TOT,PC_GDP,A,2005,42.114
KOR,TAXREV,TOT,MLN_USD,A,2004,167.992,FIN,TAXREV,TOT,PC_GDP,A,2006,42.154
KOR,TAXREV,TOT,MLN_USD,A,2006,238.379,FIN,TAXREV,TOT,PC_GDP,A,2007,41.508
KOR,TAXREV,TOT,MLN_USD,A,2008,247.262,FIN,TAXREV,TOT,PC_GDP,A,2008,41.207
KOR,TAXREV,TOT,MLN_USD,A,2010,256.154,FIN,TAXREV,TOT,PC_GDP,A,2009,40.934
KOR,TAXREV,TOT,MLN_USD,A,2012,303.158,FIN,TAXREV,TOT,PC_GDP,A,2010,40.788
KOR,TAXREV,TOT,MLN_USD,A,2014,347.014,FIN,TAXREV,TOT,PC_GDP,A,2011,42.033
KOR,TAXREV,TOT,MLN_USD,A,2016,371.149,FIN,TAXREV,TOT,PC_GDP,A,2012,42.679
LUX,TAXREV,TOT,MLN_USD,A,1979,1.895,FIN,TAXREV,TOT,PC_GDP,A,2013,43.616
LUX,TAXREV,TOT,MLN_USD,A,1981,1.881,FIN,TAXREV,TOT,PC_GDP,A,2014,43.814
LUX,TAXREV,TOT,MLN_USD,A,1983,2.017,FIN,TAXREV,TOT,PC_GDP,A,2015,43.928
LUX,TAXREV,TOT,MLN_USD,A,1985,1.994,FIN,TAXREV,TOT,PC_GDP,A,2016,44.017
LUX,TAXREV,TOT,MLN_USD,A,1987,3.312,FIN,TAXREV,TOT,PC_GDP,A,2017,43.34
LUX,TAXREV,TOT,MLN_USD,A,1989,3.792,FRA,TAXREV,TOT,PC_GDP,A,1965,33.729
LUX,TAXREV,TOT,MLN_USD,A,1991,4.718,FRA,TAXREV,TOT,PC_GDP,A,1966,33.493
LUX,TAXREV,TOT,MLN_USD,A,1993,5.668,FRA,TAXREV,TOT,PC_GDP,A,1967,33.828
LUX,TAXREV,TOT,MLN_USD,A,1995,7.188,FRA,TAXREV,TOT,PC_GDP,A,1968,33.929
LUX,TAXREV,TOT,MLN_USD,A,1997,7.23,FRA,TAXREV,TOT,PC_GDP,A,1969,34.543
LUX,TAXREV,TOT,MLN_USD,A,1999,8.046,FRA,TAXREV,TOT,PC_GDP,A,1970,33.749
LUX,TAXREV,TOT,MLN_USD,A,2001,7.973,FRA,TAXREV,TOT,PC_GDP,A,1971,33.178
LUX,TAXREV,TOT,MLN_USD,A,2003,11.088,FRA,TAXREV,TOT,PC_GDP,A,1972,33.607
LUX,TAXREV,TOT,MLN_USD,A,2005,14.104,FRA,TAXREV,TOT,PC_GDP,A,1973,33.583
LUX,TAXREV,TOT,MLN_USD,A,2007,18.366,FRA,TAXREV,TOT,PC_GDP,A,1974,33.678
LUX,TAXREV,TOT,MLN_USD,A,2009,19.624,FRA,TAXREV,TOT,PC_GDP,A,1975,35.009
LUX,TAXREV,TOT,MLN_USD,A,2011,22.233,FRA,TAXREV,TOT,PC_GDP,A,1976,36.838
LUX,TAXREV,TOT,MLN_USD,A,2013,23.637,FRA,TAXREV,TOT,PC_GDP,A,1977,36.841
LUX,TAXREV,TOT,MLN_USD,A,2015,21.438,FRA,TAXREV,TOT,PC_GDP,A,1978,36.798
LUX,TAXREV,TOT,MLN_USD,A,2017,24.129,FRA,TAXREV,TOT,PC_GDP,A,1979,38.209
MEX,TAXREV,TOT,MLN_USD,A,1981,41.988,FRA,TAXREV,TOT,PC_GDP,A,1980,39.528
MEX,TAXREV,TOT,MLN_USD,A,1983,22.033,FRA,TAXREV,TOT,PC_GDP,A,1981,39.633
MEX,TAXREV,TOT,MLN_USD,A,1985,26.194,FRA,TAXREV,TOT,PC_GDP,A,1982,40.4
MEX,TAXREV,TOT,MLN_USD,A,1987,25.009,FRA,TAXREV,TOT,PC_GDP,A,1983,40.894
MEX,TAXREV,TOT,MLN_USD,A,1989,37.83,FRA,TAXREV,TOT,PC_GDP,A,1984,41.921
MEX,TAXREV,TOT,MLN_USD,A,1991,43.947,FRA,TAXREV,TOT,PC_GDP,A,1985,42.042
MEX,TAXREV,TOT,MLN_USD,A,1993,60.102,FRA,TAXREV,TOT,PC_GDP,A,1986,41.711
MEX,TAXREV,TOT,MLN_USD,A,1995,36.391,FRA,TAXREV,TOT,PC_GDP,A,1987,42.254
MEX,TAXREV,TOT,MLN_USD,A,1997,52.509,FRA,TAXREV,TOT,PC_GDP,A,1988,41.43
MEX,TAXREV,TOT,MLN_USD,A,1999,70.452,FRA,TAXREV,TOT,PC_GDP,A,1989,41.157
MEX,TAXREV,TOT,MLN_USD,A,2001,92.255,FRA,TAXREV,TOT,PC_GDP,A,1990,41.173
MEX,TAXREV,TOT,MLN_USD,A,2003,92.363,FRA,TAXREV,TOT,PC_GDP,A,1991,41.552
MEX,TAXREV,TOT,MLN_USD,A,2005,99.772,FRA,TAXREV,TOT,PC_GDP,A,1992,41.153
MEX,TAXREV,TOT,MLN_USD,A,2007,126.466,FRA,TAXREV,TOT,PC_GDP,A,1993,42.353
MEX,TAXREV,TOT,MLN_USD,A,2009,112.288,FRA,TAXREV,TOT,PC_GDP,A,1994,42.475
MEX,TAXREV,TOT,MLN_USD,A,2011,150.586,FRA,TAXREV,TOT,PC_GDP,A,1995,42.327
MEX,TAXREV,TOT,MLN_USD,A,2013,169.579,FRA,TAXREV,TOT,PC_GDP,A,1996,43.455
MEX,TAXREV,TOT,MLN_USD,A,2015,186.055,FRA,TAXREV,TOT,PC_GDP,A,1997,43.663
NLD,TAXREV,TOT,MLN_USD,A,1979,88.406,FRA,TAXREV,TOT,PC_GDP,A,1998,43.537
NLD,TAXREV,TOT,MLN_USD,A,1981,80.524,FRA,TAXREV,TOT,PC_GDP,A,1999,44.248
NLD,TAXREV,TOT,MLN_USD,A,1983,71.81,FRA,TAXREV,TOT,PC_GDP,A,2000,43.43
NLD,TAXREV,TOT,MLN_USD,A,1985,64.43,FRA,TAXREV,TOT,PC_GDP,A,2001,43.101
NLD,TAXREV,TOT,MLN_USD,A,1987,109.377,FRA,TAXREV,TOT,PC_GDP,A,2002,42.404
NLD,TAXREV,TOT,MLN_USD,A,1989,108.64,FRA,TAXREV,TOT,PC_GDP,A,2003,42.239
NLD,TAXREV,TOT,MLN_USD,A,1991,143.312,FRA,TAXREV,TOT,PC_GDP,A,2004,42.413
NLD,TAXREV,TOT,MLN_USD,A,1993,145.136,FRA,TAXREV,TOT,PC_GDP,A,2005,42.904
NLD,TAXREV,TOT,MLN_USD,A,1995,160.467,FRA,TAXREV,TOT,PC_GDP,A,2006,43.273
NLD,TAXREV,TOT,MLN_USD,A,1997,153.905,FRA,TAXREV,TOT,PC_GDP,A,2007,42.545
NLD,TAXREV,TOT,MLN_USD,A,1999,166.063,FRA,TAXREV,TOT,PC_GDP,A,2008,42.332
NLD,TAXREV,TOT,MLN_USD,A,2001,153.685,FRA,TAXREV,TOT,PC_GDP,A,2009,41.528
NLD,TAXREV,TOT,MLN_USD,A,2003,201.635,FRA,TAXREV,TOT,PC_GDP,A,2010,42.145
NLD,TAXREV,TOT,MLN_USD,A,2005,239.717,FRA,TAXREV,TOT,PC_GDP,A,2011,43.334
NLD,TAXREV,TOT,MLN_USD,A,2007,302.47,FRA,TAXREV,TOT,PC_GDP,A,2012,44.36
NLD,TAXREV,TOT,MLN_USD,A,2009,303.294,FRA,TAXREV,TOT,PC_GDP,A,2013,45.367
NLD,TAXREV,TOT,MLN_USD,A,2011,320.523,FRA,TAXREV,TOT,PC_GDP,A,2014,45.449
NLD,TAXREV,TOT,MLN_USD,A,2013,316.592,FRA,TAXREV,TOT,PC_GDP,A,2015,45.281
NLD,TAXREV,TOT,MLN_USD,A,2015,283.263,FRA,TAXREV,TOT,PC_GDP,A,2016,45.461
NLD,TAXREV,TOT,MLN_USD,A,2017,321.968,FRA,TAXREV,TOT,PC_GDP,A,2017,46.231
NZL,TAXREV,TOT,MLN_USD,A,1966,1.49,DEU,TAXREV,TOT,PC_GDP,A,1965,31.601
NZL,TAXREV,TOT,MLN_USD,A,1968,1.294,DEU,TAXREV,TOT,PC_GDP,A,1966,32.192
NZL,TAXREV,TOT,MLN_USD,A,1970,1.748,DEU,TAXREV,TOT,PC_GDP,A,1967,32.215
NZL,TAXREV,TOT,MLN_USD,A,1972,2.507,DEU,TAXREV,TOT,PC_GDP,A,1968,32.171
NZL,TAXREV,TOT,MLN_USD,A,1974,4.355,DEU,TAXREV,TOT,PC_GDP,A,1969,33.88
NZL,TAXREV,TOT,MLN_USD,A,1976,4.161,DEU,TAXREV,TOT,PC_GDP,A,1970,31.53
NZL,TAXREV,TOT,MLN_USD,A,1978,5.616,DEU,TAXREV,TOT,PC_GDP,A,1971,32.028
NZL,TAXREV,TOT,MLN_USD,A,1980,7.393,DEU,TAXREV,TOT,PC_GDP,A,1972,33.522
NZL,TAXREV,TOT,MLN_USD,A,1982,8.161,DEU,TAXREV,TOT,PC_GDP,A,1973,35.006
NZL,TAXREV,TOT,MLN_USD,A,1984,7.236,DEU,TAXREV,TOT,PC_GDP,A,1974,34.874
NZL,TAXREV,TOT,MLN_USD,A,1986,9.694,DEU,TAXREV,TOT,PC_GDP,A,1975,34.312
NZL,TAXREV,TOT,MLN_USD,A,1988,15.844,DEU,TAXREV,TOT,PC_GDP,A,1976,35.286
NZL,TAXREV,TOT,MLN_USD,A,1990,16.372,DEU,TAXREV,TOT,PC_GDP,A,1977,36.657
NZL,TAXREV,TOT,MLN_USD,A,1992,14.825,DEU,TAXREV,TOT,PC_GDP,A,1978,36.662
NZL,TAXREV,TOT,MLN_USD,A,1994,19.303,DEU,TAXREV,TOT,PC_GDP,A,1979,36.376
NZL,TAXREV,TOT,MLN_USD,A,1996,23.718,DEU,TAXREV,TOT,PC_GDP,A,1980,36.429
NZL,TAXREV,TOT,MLN_USD,A,1998,18.696,DEU,TAXREV,TOT,PC_GDP,A,1981,35.858
NZL,TAXREV,TOT,MLN_USD,A,2000,18.037,DEU,TAXREV,TOT,PC_GDP,A,1982,35.541
NZL,TAXREV,TOT,MLN_USD,A,2002,21.08,DEU,TAXREV,TOT,PC_GDP,A,1983,35.565
NZL,TAXREV,TOT,MLN_USD,A,2004,35.539,DEU,TAXREV,TOT,PC_GDP,A,1984,35.713
NZL,TAXREV,TOT,MLN_USD,A,2006,40.168,DEU,TAXREV,TOT,PC_GDP,A,1985,36.084
NZL,TAXREV,TOT,MLN_USD,A,2008,43.743,DEU,TAXREV,TOT,PC_GDP,A,1986,35.827
NZL,TAXREV,TOT,MLN_USD,A,2010,44.906,DEU,TAXREV,TOT,PC_GDP,A,1987,36.288
NZL,TAXREV,TOT,MLN_USD,A,2012,56.057,DEU,TAXREV,TOT,PC_GDP,A,1988,35.95
NZL,TAXREV,TOT,MLN_USD,A,2014,63.532,DEU,TAXREV,TOT,PC_GDP,A,1989,36.229
NZL,TAXREV,TOT,MLN_USD,A,2016,60.282,DEU,TAXREV,TOT,PC_GDP,A,1990,34.803
NOR,TAXREV,TOT,MLN_USD,A,1965,2.355,DEU,TAXREV,TOT,PC_GDP,A,1991,35.006
NOR,TAXREV,TOT,MLN_USD,A,1967,3.056,DEU,TAXREV,TOT,PC_GDP,A,1992,35.9
NOR,TAXREV,TOT,MLN_USD,A,1969,3.802,DEU,TAXREV,TOT,PC_GDP,A,1993,35.828
NOR,TAXREV,TOT,MLN_USD,A,1971,5.367,DEU,TAXREV,TOT,PC_GDP,A,1994,36.171
NOR,TAXREV,TOT,MLN_USD,A,1973,8.818,DEU,TAXREV,TOT,PC_GDP,A,1995,36.23
NOR,TAXREV,TOT,MLN_USD,A,1975,12.774,DEU,TAXREV,TOT,PC_GDP,A,1996,35.574
NOR,TAXREV,TOT,MLN_USD,A,1977,17.006,DEU,TAXREV,TOT,PC_GDP,A,1997,35.243
NOR,TAXREV,TOT,MLN_USD,A,1979,21.421,DEU,TAXREV,TOT,PC_GDP,A,1998,35.472
NOR,TAXREV,TOT,MLN_USD,A,1981,27.613,DEU,TAXREV,TOT,PC_GDP,A,1999,36.159
NOR,TAXREV,TOT,MLN_USD,A,1983,25.443,DEU,TAXREV,TOT,PC_GDP,A,2000,36.242
NOR,TAXREV,TOT,MLN_USD,A,1985,27.399,DEU,TAXREV,TOT,PC_GDP,A,2001,35.009
NOR,TAXREV,TOT,MLN_USD,A,1987,39.478,DEU,TAXREV,TOT,PC_GDP,A,2002,34.384
NOR,TAXREV,TOT,MLN_USD,A,1989,40.795,DEU,TAXREV,TOT,PC_GDP,A,2003,34.611
NOR,TAXREV,TOT,MLN_USD,A,1991,49.19,DEU,TAXREV,TOT,PC_GDP,A,2004,33.86
NOR,TAXREV,TOT,MLN_USD,A,1993,46.61,DEU,TAXREV,TOT,PC_GDP,A,2005,33.87
NOR,TAXREV,TOT,MLN_USD,A,1995,60.848,DEU,TAXREV,TOT,PC_GDP,A,2006,34.489
NOR,TAXREV,TOT,MLN_USD,A,1997,65.673,DEU,TAXREV,TOT,PC_GDP,A,2007,34.889
NOR,TAXREV,TOT,MLN_USD,A,1999,67.953,DEU,TAXREV,TOT,PC_GDP,A,2008,35.406
NOR,TAXREV,TOT,MLN_USD,A,2001,73.271,DEU,TAXREV,TOT,PC_GDP,A,2009,36.078
NOR,TAXREV,TOT,MLN_USD,A,2003,95.342,DEU,TAXREV,TOT,PC_GDP,A,2010,35.007
NOR,TAXREV,TOT,MLN_USD,A,2005,131.531,DEU,TAXREV,TOT,PC_GDP,A,2011,35.701
NOR,TAXREV,TOT,MLN_USD,A,2007,168.921,DEU,TAXREV,TOT,PC_GDP,A,2012,36.39
NOR,TAXREV,TOT,MLN_USD,A,2009,159.252,DEU,TAXREV,TOT,PC_GDP,A,2013,36.769
NOR,TAXREV,TOT,MLN_USD,A,2011,209.636,DEU,TAXREV,TOT,PC_GDP,A,2014,36.703
NOR,TAXREV,TOT,MLN_USD,A,2013,208.652,DEU,TAXREV,TOT,PC_GDP,A,2015,36.992
NOR,TAXREV,TOT,MLN_USD,A,2015,148.584,DEU,TAXREV,TOT,PC_GDP,A,2016,37.431
NOR,TAXREV,TOT,MLN_USD,A,2017,152.73,DEU,TAXREV,TOT,PC_GDP,A,2017,37.544
POL,TAXREV,TOT,MLN_USD,A,1992,34.136,GRC,TAXREV,TOT,PC_GDP,A,1965,17.133
POL,TAXREV,TOT,MLN_USD,A,1994,40.374,GRC,TAXREV,TOT,PC_GDP,A,1966,18.363
POL,TAXREV,TOT,MLN_USD,A,1996,58.571,GRC,TAXREV,TOT,PC_GDP,A,1967,19.249
POL,TAXREV,TOT,MLN_USD,A,1998,61.315,GRC,TAXREV,TOT,PC_GDP,A,1968,19.937
POL,TAXREV,TOT,MLN_USD,A,2000,56.617,GRC,TAXREV,TOT,PC_GDP,A,1969,19.689
POL,TAXREV,TOT,MLN_USD,A,2002,65.606,GRC,TAXREV,TOT,PC_GDP,A,1970,19.219
POL,TAXREV,TOT,MLN_USD,A,2004,81.575,GRC,TAXREV,TOT,PC_GDP,A,1971,19.038
POL,TAXREV,TOT,MLN_USD,A,2006,115.861,GRC,TAXREV,TOT,PC_GDP,A,1972,18.924
POL,TAXREV,TOT,MLN_USD,A,2008,182.202,GRC,TAXREV,TOT,PC_GDP,A,1973,17.406
POL,TAXREV,TOT,MLN_USD,A,2010,150.619,GRC,TAXREV,TOT,PC_GDP,A,1974,18.254
POL,TAXREV,TOT,MLN_USD,A,2012,160.729,GRC,TAXREV,TOT,PC_GDP,A,1975,18.705
POL,TAXREV,TOT,MLN_USD,A,2014,173.797,GRC,TAXREV,TOT,PC_GDP,A,1976,20.325
POL,TAXREV,TOT,MLN_USD,A,2016,157.353,GRC,TAXREV,TOT,PC_GDP,A,1977,20.622
PRT,TAXREV,TOT,MLN_USD,A,1979,1.768,GRC,TAXREV,TOT,PC_GDP,A,1978,20.579
PRT,TAXREV,TOT,MLN_USD,A,1981,2.53,GRC,TAXREV,TOT,PC_GDP,A,1979,21.331
PRT,TAXREV,TOT,MLN_USD,A,1983,3.359,GRC,TAXREV,TOT,PC_GDP,A,1980,20.75
PRT,TAXREV,TOT,MLN_USD,A,1985,4.206,GRC,TAXREV,TOT,PC_GDP,A,1981,20.908
PRT,TAXREV,TOT,MLN_USD,A,1987,9.364,GRC,TAXREV,TOT,PC_GDP,A,1982,23.598
PRT,TAXREV,TOT,MLN_USD,A,1989,13.774,GRC,TAXREV,TOT,PC_GDP,A,1983,23.996
PRT,TAXREV,TOT,MLN_USD,A,1991,21.885,GRC,TAXREV,TOT,PC_GDP,A,1984,24.548
PRT,TAXREV,TOT,MLN_USD,A,1993,25.021,GRC,TAXREV,TOT,PC_GDP,A,1985,24.557
PRT,TAXREV,TOT,MLN_USD,A,1995,34.078,GRC,TAXREV,TOT,PC_GDP,A,1986,25.779
PRT,TAXREV,TOT,MLN_USD,A,1997,34.709,GRC,TAXREV,TOT,PC_GDP,A,1987,26.236
PRT,TAXREV,TOT,MLN_USD,A,1999,39.463,GRC,TAXREV,TOT,PC_GDP,A,1988,23.672
PRT,TAXREV,TOT,MLN_USD,A,2001,37.491,GRC,TAXREV,TOT,PC_GDP,A,1989,22.943
PRT,TAXREV,TOT,MLN_USD,A,2003,51.747,GRC,TAXREV,TOT,PC_GDP,A,1990,25.191
PRT,TAXREV,TOT,MLN_USD,A,2005,60.745,GRC,TAXREV,TOT,PC_GDP,A,1991,25.292
PRT,TAXREV,TOT,MLN_USD,A,2007,76.427,GRC,TAXREV,TOT,PC_GDP,A,1992,26.123
PRT,TAXREV,TOT,MLN_USD,A,2009,72.914,GRC,TAXREV,TOT,PC_GDP,A,1993,26.57
PRT,TAXREV,TOT,MLN_USD,A,2011,79.194,GRC,TAXREV,TOT,PC_GDP,A,1994,26.834
PRT,TAXREV,TOT,MLN_USD,A,2013,77.015,GRC,TAXREV,TOT,PC_GDP,A,1995,27.89
PRT,TAXREV,TOT,MLN_USD,A,2015,68.709,GRC,TAXREV,TOT,PC_GDP,A,1996,34.347
PRT,TAXREV,TOT,MLN_USD,A,2017,75.54,GRC,TAXREV,TOT,PC_GDP,A,1997,28.797
SVK,TAXREV,TOT,MLN_USD,A,1996,10.767,GRC,TAXREV,TOT,PC_GDP,A,1998,30.692
SVK,TAXREV,TOT,MLN_USD,A,1998,10.753,GRC,TAXREV,TOT,PC_GDP,A,1999,31.402
SVK,TAXREV,TOT,MLN_USD,A,2000,9.793,GRC,TAXREV,TOT,PC_GDP,A,2000,33.358
SVK,TAXREV,TOT,MLN_USD,A,2002,11.526,GRC,TAXREV,TOT,PC_GDP,A,2001,31.984
SVK,TAXREV,TOT,MLN_USD,A,2004,18.046,GRC,TAXREV,TOT,PC_GDP,A,2002,32.242
SVK,TAXREV,TOT,MLN_USD,A,2006,20.7,GRC,TAXREV,TOT,PC_GDP,A,2003,30.914
SVK,TAXREV,TOT,MLN_USD,A,2008,29.084,GRC,TAXREV,TOT,PC_GDP,A,2004,29.917
SVK,TAXREV,TOT,MLN_USD,A,2010,25.128,GRC,TAXREV,TOT,PC_GDP,A,2005,31.212
SVK,TAXREV,TOT,MLN_USD,A,2012,26.481,GRC,TAXREV,TOT,PC_GDP,A,2006,30.326
SVK,TAXREV,TOT,MLN_USD,A,2014,31.42,GRC,TAXREV,TOT,PC_GDP,A,2007,31.185
SVK,TAXREV,TOT,MLN_USD,A,2016,29.064,GRC,TAXREV,TOT,PC_GDP,A,2008,30.976
ESP,TAXREV,TOT,MLN_USD,A,1979,25.343,GRC,TAXREV,TOT,PC_GDP,A,2009,30.63
ESP,TAXREV,TOT,MLN_USD,A,1981,28.991,GRC,TAXREV,TOT,PC_GDP,A,2010,32.023
ESP,TAXREV,TOT,MLN_USD,A,1983,33.127,GRC,TAXREV,TOT,PC_GDP,A,2011,33.641
ESP,TAXREV,TOT,MLN_USD,A,1985,37.41,GRC,TAXREV,TOT,PC_GDP,A,2012,35.501
ESP,TAXREV,TOT,MLN_USD,A,1987,81.483,GRC,TAXREV,TOT,PC_GDP,A,2013,35.455
ESP,TAXREV,TOT,MLN_USD,A,1989,103.122,GRC,TAXREV,TOT,PC_GDP,A,2014,35.745
ESP,TAXREV,TOT,MLN_USD,A,1991,141.717,GRC,TAXREV,TOT,PC_GDP,A,2015,36.584
ESP,TAXREV,TOT,MLN_USD,A,1993,149.915,GRC,TAXREV,TOT,PC_GDP,A,2016,38.842
ESP,TAXREV,TOT,MLN_USD,A,1995,187.807,GRC,TAXREV,TOT,PC_GDP,A,2017,39.386
ESP,TAXREV,TOT,MLN_USD,A,1997,187.419,HUN,TAXREV,TOT,PC_GDP,A,1991,44.628
ESP,TAXREV,TOT,MLN_USD,A,1999,209.452,HUN,TAXREV,TOT,PC_GDP,A,1992,44.36
ESP,TAXREV,TOT,MLN_USD,A,2001,205.718,HUN,TAXREV,TOT,PC_GDP,A,1993,45.204
ESP,TAXREV,TOT,MLN_USD,A,2003,300.668,HUN,TAXREV,TOT,PC_GDP,A,1994,42.742
ESP,TAXREV,TOT,MLN_USD,A,2005,406.439,HUN,TAXREV,TOT,PC_GDP,A,1995,40.776
ESP,TAXREV,TOT,MLN_USD,A,2007,537.951,HUN,TAXREV,TOT,PC_GDP,A,1996,39.42
ESP,TAXREV,TOT,MLN_USD,A,2009,445.353,HUN,TAXREV,TOT,PC_GDP,A,1997,37.748
ESP,TAXREV,TOT,MLN_USD,A,2011,464.019,HUN,TAXREV,TOT,PC_GDP,A,1998,37.449
ESP,TAXREV,TOT,MLN_USD,A,2013,448.157,HUN,TAXREV,TOT,PC_GDP,A,1999,38.202
ESP,TAXREV,TOT,MLN_USD,A,2015,402.462,HUN,TAXREV,TOT,PC_GDP,A,2000,38.506
ESP,TAXREV,TOT,MLN_USD,A,2017,441.506,HUN,TAXREV,TOT,PC_GDP,A,2001,37.604
SWE,TAXREV,TOT,MLN_USD,A,1966,8.568,HUN,TAXREV,TOT,PC_GDP,A,2002,37.361
SWE,TAXREV,TOT,MLN_USD,A,1968,10.764,HUN,TAXREV,TOT,PC_GDP,A,2003,37.248
SWE,TAXREV,TOT,MLN_USD,A,1970,13.36,HUN,TAXREV,TOT,PC_GDP,A,2004,37.016
SWE,TAXREV,TOT,MLN_USD,A,1972,18.17,HUN,TAXREV,TOT,PC_GDP,A,2005,36.535
SWE,TAXREV,TOT,MLN_USD,A,1974,24.744,HUN,TAXREV,TOT,PC_GDP,A,2006,36.532
SWE,TAXREV,TOT,MLN_USD,A,1976,37.629,HUN,TAXREV,TOT,PC_GDP,A,2007,39.386
SWE,TAXREV,TOT,MLN_USD,A,1978,46.448,HUN,TAXREV,TOT,PC_GDP,A,2008,39.451
SWE,TAXREV,TOT,MLN_USD,A,1980,61.292,HUN,TAXREV,TOT,PC_GDP,A,2009,38.946
SWE,TAXREV,TOT,MLN_USD,A,1982,49.666,HUN,TAXREV,TOT,PC_GDP,A,2010,37.266
SWE,TAXREV,TOT,MLN_USD,A,1984,47.707,HUN,TAXREV,TOT,PC_GDP,A,2011,36.25
SWE,TAXREV,TOT,MLN_USD,A,1986,69.774,HUN,TAXREV,TOT,PC_GDP,A,2012,38.359
SWE,TAXREV,TOT,MLN_USD,A,1988,99.621,HUN,TAXREV,TOT,PC_GDP,A,2013,37.95
SWE,TAXREV,TOT,MLN_USD,A,1990,127.73,HUN,TAXREV,TOT,PC_GDP,A,2014,37.985
SWE,TAXREV,TOT,MLN_USD,A,1992,126.278,HUN,TAXREV,TOT,PC_GDP,A,2015,38.709
SWE,TAXREV,TOT,MLN_USD,A,1994,100.819,HUN,TAXREV,TOT,PC_GDP,A,2016,39.208
SWE,TAXREV,TOT,MLN_USD,A,1996,136.459,HUN,TAXREV,TOT,PC_GDP,A,2017,37.71
SWE,TAXREV,TOT,MLN_USD,A,1998,129.246,ISL,TAXREV,TOT,PC_GDP,A,1965,26.116
SWE,TAXREV,TOT,MLN_USD,A,2000,127.285,ISL,TAXREV,TOT,PC_GDP,A,1970,27.365
SWE,TAXREV,TOT,MLN_USD,A,2002,119.423,ISL,TAXREV,TOT,PC_GDP,A,1975,29.956
SWE,TAXREV,TOT,MLN_USD,A,2004,174.332,ISL,TAXREV,TOT,PC_GDP,A,1980,29.601
SWE,TAXREV,TOT,MLN_USD,A,2006,193.221,ISL,TAXREV,TOT,PC_GDP,A,1981,30.736
SWE,TAXREV,TOT,MLN_USD,A,2008,225.973,ISL,TAXREV,TOT,PC_GDP,A,1982,31.018
SWE,TAXREV,TOT,MLN_USD,A,2010,211.229,ISL,TAXREV,TOT,PC_GDP,A,1983,28.347
SWE,TAXREV,TOT,MLN_USD,A,2012,231.737,ISL,TAXREV,TOT,PC_GDP,A,1984,29.586
SWE,TAXREV,TOT,MLN_USD,A,2014,244.39,ISL,TAXREV,TOT,PC_GDP,A,1985,28.17
SWE,TAXREV,TOT,MLN_USD,A,2016,226.734,ISL,TAXREV,TOT,PC_GDP,A,1986,28.379
CHE,TAXREV,TOT,MLN_USD,A,1965,2.596,ISL,TAXREV,TOT,PC_GDP,A,1987,28.713
CHE,TAXREV,TOT,MLN_USD,A,1967,3.114,ISL,TAXREV,TOT,PC_GDP,A,1988,31.286
CHE,TAXREV,TOT,MLN_USD,A,1969,3.979,ISL,TAXREV,TOT,PC_GDP,A,1989,31.398
CHE,TAXREV,TOT,MLN_USD,A,1971,5.243,ISL,TAXREV,TOT,PC_GDP,A,1990,30.943
CHE,TAXREV,TOT,MLN_USD,A,1973,9.66,ISL,TAXREV,TOT,PC_GDP,A,1991,31.302
CHE,TAXREV,TOT,MLN_USD,A,1975,14.291,ISL,TAXREV,TOT,PC_GDP,A,1992,32.142
CHE,TAXREV,TOT,MLN_USD,A,1977,17.006,ISL,TAXREV,TOT,PC_GDP,A,1993,31.06
CHE,TAXREV,TOT,MLN_USD,A,1979,26.2,ISL,TAXREV,TOT,PC_GDP,A,1994,30.6
CHE,TAXREV,TOT,MLN_USD,A,1981,25.405,ISL,TAXREV,TOT,PC_GDP,A,1995,31.187
CHE,TAXREV,TOT,MLN_USD,A,1983,26.912,ISL,TAXREV,TOT,PC_GDP,A,1996,32.3
CHE,TAXREV,TOT,MLN_USD,A,1985,25.661,ISL,TAXREV,TOT,PC_GDP,A,1997,31.675
CHE,TAXREV,TOT,MLN_USD,A,1987,47.434,ISL,TAXREV,TOT,PC_GDP,A,1998,33.824
CHE,TAXREV,TOT,MLN_USD,A,1989,48.651,ISL,TAXREV,TOT,PC_GDP,A,1999,36.18
CHE,TAXREV,TOT,MLN_USD,A,1991,61.522,ISL,TAXREV,TOT,PC_GDP,A,2000,36.271
CHE,TAXREV,TOT,MLN_USD,A,1993,64.814,ISL,TAXREV,TOT,PC_GDP,A,2001,34.474
CHE,TAXREV,TOT,MLN_USD,A,1995,87.463,ISL,TAXREV,TOT,PC_GDP,A,2002,34.173
CHE,TAXREV,TOT,MLN_USD,A,1997,73.5,ISL,TAXREV,TOT,PC_GDP,A,2003,35.617
CHE,TAXREV,TOT,MLN_USD,A,1999,76.998,ISL,TAXREV,TOT,PC_GDP,A,2004,36.598
CHE,TAXREV,TOT,MLN_USD,A,2001,75.356,ISL,TAXREV,TOT,PC_GDP,A,2005,39.698
CHE,TAXREV,TOT,MLN_USD,A,2003,95.177,ISL,TAXREV,TOT,PC_GDP,A,2006,40.52
CHE,TAXREV,TOT,MLN_USD,A,2005,108.836,ISL,TAXREV,TOT,PC_GDP,A,2007,38.938
CHE,TAXREV,TOT,MLN_USD,A,2007,125.813,ISL,TAXREV,TOT,PC_GDP,A,2008,35.002
CHE,TAXREV,TOT,MLN_USD,A,2009,146.355,ISL,TAXREV,TOT,PC_GDP,A,2009,31.71
CHE,TAXREV,TOT,MLN_USD,A,2011,188.314,ISL,TAXREV,TOT,PC_GDP,A,2010,33.205
CHE,TAXREV,TOT,MLN_USD,A,2013,185.856,ISL,TAXREV,TOT,PC_GDP,A,2011,34.299
CHE,TAXREV,TOT,MLN_USD,A,2015,187.456,ISL,TAXREV,TOT,PC_GDP,A,2012,35.043
CHE,TAXREV,TOT,MLN_USD,A,2017,193.176,ISL,TAXREV,TOT,PC_GDP,A,2013,35.592
TUR,TAXREV,TOT,MLN_USD,A,1966,1.518,ISL,TAXREV,TOT,PC_GDP,A,2014,38.319
TUR,TAXREV,TOT,MLN_USD,A,1968,1.981,ISL,TAXREV,TOT,PC_GDP,A,2015,36.331
TUR,TAXREV,TOT,MLN_USD,A,1970,2.236,ISL,TAXREV,TOT,PC_GDP,A,2016,51.595
TUR,TAXREV,TOT,MLN_USD,A,1972,3.14,ISL,TAXREV,TOT,PC_GDP,A,2017,37.687
TUR,TAXREV,TOT,MLN_USD,A,1974,5.251,IRL,TAXREV,TOT,PC_GDP,A,1965,24.512
TUR,TAXREV,TOT,MLN_USD,A,1976,8.864,IRL,TAXREV,TOT,PC_GDP,A,1966,26.477
TUR,TAXREV,TOT,MLN_USD,A,1978,11.295,IRL,TAXREV,TOT,PC_GDP,A,1967,27.009
TUR,TAXREV,TOT,MLN_USD,A,1980,12.343,IRL,TAXREV,TOT,PC_GDP,A,1968,27.427
TUR,TAXREV,TOT,MLN_USD,A,1982,12.017,IRL,TAXREV,TOT,PC_GDP,A,1969,28.075
TUR,TAXREV,TOT,MLN_USD,A,1984,8.677,IRL,TAXREV,TOT,PC_GDP,A,1970,27.57
TUR,TAXREV,TOT,MLN_USD,A,1986,13.385,IRL,TAXREV,TOT,PC_GDP,A,1971,28.57
TUR,TAXREV,TOT,MLN_USD,A,1988,16.183,IRL,TAXREV,TOT,PC_GDP,A,1972,27.377
TUR,TAXREV,TOT,MLN_USD,A,1990,30.2,IRL,TAXREV,TOT,PC_GDP,A,1973,27.543
TUR,TAXREV,TOT,MLN_USD,A,1992,35.748,IRL,TAXREV,TOT,PC_GDP,A,1974,27.956
TUR,TAXREV,TOT,MLN_USD,A,1994,28.892,IRL,TAXREV,TOT,PC_GDP,A,1975,27.863
TUR,TAXREV,TOT,MLN_USD,A,1996,46.195,IRL,TAXREV,TOT,PC_GDP,A,1976,30.887
TUR,TAXREV,TOT,MLN_USD,A,1998,56.899,IRL,TAXREV,TOT,PC_GDP,A,1977,29.417
TUR,TAXREV,TOT,MLN_USD,A,2000,64.49,IRL,TAXREV,TOT,PC_GDP,A,1978,27.859
TUR,TAXREV,TOT,MLN_USD,A,2002,57.049,IRL,TAXREV,TOT,PC_GDP,A,1979,27.522
TUR,TAXREV,TOT,MLN_USD,A,2004,94.37,IRL,TAXREV,TOT,PC_GDP,A,1980,30.075
TUR,TAXREV,TOT,MLN_USD,A,2006,130.06,IRL,TAXREV,TOT,PC_GDP,A,1981,31.123
TUR,TAXREV,TOT,MLN_USD,A,2008,177.278,IRL,TAXREV,TOT,PC_GDP,A,1982,32.479
TUR,TAXREV,TOT,MLN_USD,A,2010,192.048,IRL,TAXREV,TOT,PC_GDP,A,1983,33.863
TUR,TAXREV,TOT,MLN_USD,A,2012,218.56,IRL,TAXREV,TOT,PC_GDP,A,1984,34.619
TUR,TAXREV,TOT,MLN_USD,A,2014,229.588,IRL,TAXREV,TOT,PC_GDP,A,1985,33.58
TUR,TAXREV,TOT,MLN_USD,A,2016,218.368,IRL,TAXREV,TOT,PC_GDP,A,1986,34.315
GBR,TAXREV,TOT,MLN_USD,A,1965,30.605,IRL,TAXREV,TOT,PC_GDP,A,1987,34.488
GBR,TAXREV,TOT,MLN_USD,A,1967,36.52,IRL,TAXREV,TOT,PC_GDP,A,1988,35.646
GBR,TAXREV,TOT,MLN_USD,A,1969,40.478,IRL,TAXREV,TOT,PC_GDP,A,1989,32.476
GBR,TAXREV,TOT,MLN_USD,A,1971,49.279,IRL,TAXREV,TOT,PC_GDP,A,1990,32.351
GBR,TAXREV,TOT,MLN_USD,A,1973,57.131,IRL,TAXREV,TOT,PC_GDP,A,1991,32.92
GBR,TAXREV,TOT,MLN_USD,A,1975,82.659,IRL,TAXREV,TOT,PC_GDP,A,1992,33.257
GBR,TAXREV,TOT,MLN_USD,A,1977,87.896,IRL,TAXREV,TOT,PC_GDP,A,1993,33.257
GBR,TAXREV,TOT,MLN_USD,A,1979,134.77,IRL,TAXREV,TOT,PC_GDP,A,1994,34.325
GBR,TAXREV,TOT,MLN_USD,A,1981,186.6,IRL,TAXREV,TOT,PC_GDP,A,1995,31.733
GBR,TAXREV,TOT,MLN_USD,A,1983,171.79,IRL,TAXREV,TOT,PC_GDP,A,1996,32.268
GBR,TAXREV,TOT,MLN_USD,A,1985,171.56,IRL,TAXREV,TOT,PC_GDP,A,1997,31.369
GBR,TAXREV,TOT,MLN_USD,A,1987,253.264,IRL,TAXREV,TOT,PC_GDP,A,1998,30.837
GBR,TAXREV,TOT,MLN_USD,A,1989,305.832,IRL,TAXREV,TOT,PC_GDP,A,1999,30.888
GBR,TAXREV,TOT,MLN_USD,A,1991,362.24,IRL,TAXREV,TOT,PC_GDP,A,2000,30.76
GBR,TAXREV,TOT,MLN_USD,A,1993,317.54,IRL,TAXREV,TOT,PC_GDP,A,2001,28.605
GBR,TAXREV,TOT,MLN_USD,A,1995,393.874,IRL,TAXREV,TOT,PC_GDP,A,2002,27.282
GBR,TAXREV,TOT,MLN_USD,A,1997,465.722,IRL,TAXREV,TOT,PC_GDP,A,2003,27.864
GBR,TAXREV,TOT,MLN_USD,A,1999,537.528,IRL,TAXREV,TOT,PC_GDP,A,2004,28.942
GBR,TAXREV,TOT,MLN_USD,A,2001,530.007,IRL,TAXREV,TOT,PC_GDP,A,2005,29.399
GBR,TAXREV,TOT,MLN_USD,A,2003,639.383,IRL,TAXREV,TOT,PC_GDP,A,2006,30.831
GBR,TAXREV,TOT,MLN_USD,A,2005,824.918,IRL,TAXREV,TOT,PC_GDP,A,2007,30.386
GBR,TAXREV,TOT,MLN_USD,A,2007,1016.808,IRL,TAXREV,TOT,PC_GDP,A,2008,28.458
GBR,TAXREV,TOT,MLN_USD,A,2009,748.446,IRL,TAXREV,TOT,PC_GDP,A,2009,27.324
GBR,TAXREV,TOT,MLN_USD,A,2011,875.432,IRL,TAXREV,TOT,PC_GDP,A,2010,27.01
GBR,TAXREV,TOT,MLN_USD,A,2013,886.513,IRL,TAXREV,TOT,PC_GDP,A,2011,27.393
GBR,TAXREV,TOT,MLN_USD,A,2015,931.446,IRL,TAXREV,TOT,PC_GDP,A,2012,27.55
GBR,TAXREV,TOT,MLN_USD,A,2017,873.954,IRL,TAXREV,TOT,PC_GDP,A,2013,28.222
USA,TAXREV,TOT,MLN_USD,A,1966,186.065,IRL,TAXREV,TOT,PC_GDP,A,2014,28.413
USA,TAXREV,TOT,MLN_USD,A,1968,218.623,IRL,TAXREV,TOT,PC_GDP,A,2015,23.106
USA,TAXREV,TOT,MLN_USD,A,1970,276.727,IRL,TAXREV,TOT,PC_GDP,A,2016,23.328
USA,TAXREV,TOT,MLN_USD,A,1972,313.091,IRL,TAXREV,TOT,PC_GDP,A,2017,22.837
USA,TAXREV,TOT,MLN_USD,A,1974,389.542,ITA,TAXREV,TOT,PC_GDP,A,1965,24.662
USA,TAXREV,TOT,MLN_USD,A,1976,450.017,ITA,TAXREV,TOT,PC_GDP,A,1966,24.453
USA,TAXREV,TOT,MLN_USD,A,1978,588.261,ITA,TAXREV,TOT,PC_GDP,A,1967,25.349
USA,TAXREV,TOT,MLN_USD,A,1980,730.672,ITA,TAXREV,TOT,PC_GDP,A,1968,26.095
USA,TAXREV,TOT,MLN_USD,A,1982,871.205,ITA,TAXREV,TOT,PC_GDP,A,1969,25.502
USA,TAXREV,TOT,MLN_USD,A,1984,973.472,ITA,TAXREV,TOT,PC_GDP,A,1970,24.844
USA,TAXREV,TOT,MLN_USD,A,1986,1127.958,ITA,TAXREV,TOT,PC_GDP,A,1971,25.468
USA,TAXREV,TOT,MLN_USD,A,1988,1334.154,ITA,TAXREV,TOT,PC_GDP,A,1972,25.381
USA,TAXREV,TOT,MLN_USD,A,1990,1552.413,ITA,TAXREV,TOT,PC_GDP,A,1973,23.128
USA,TAXREV,TOT,MLN_USD,A,1992,1678.736,ITA,TAXREV,TOT,PC_GDP,A,1974,24.237
USA,TAXREV,TOT,MLN_USD,A,1994,1915.493,ITA,TAXREV,TOT,PC_GDP,A,1975,24.522
USA,TAXREV,TOT,MLN_USD,A,1996,2183.33,ITA,TAXREV,TOT,PC_GDP,A,1976,25.433
USA,TAXREV,TOT,MLN_USD,A,1998,2525.496,ITA,TAXREV,TOT,PC_GDP,A,1977,25.919
USA,TAXREV,TOT,MLN_USD,A,2000,2900.519,ITA,TAXREV,TOT,PC_GDP,A,1978,26.073
USA,TAXREV,TOT,MLN_USD,A,2002,2738,ITA,TAXREV,TOT,PC_GDP,A,1979,25.272
USA,TAXREV,TOT,MLN_USD,A,2004,3022.448,ITA,TAXREV,TOT,PC_GDP,A,1980,28.718
USA,TAXREV,TOT,MLN_USD,A,2006,3694.332,ITA,TAXREV,TOT,PC_GDP,A,1981,29.842
USA,TAXREV,TOT,MLN_USD,A,2008,3781.222,ITA,TAXREV,TOT,PC_GDP,A,1982,31.933
USA,TAXREV,TOT,MLN_USD,A,2010,3515.773,ITA,TAXREV,TOT,PC_GDP,A,1983,33.827
USA,TAXREV,TOT,MLN_USD,A,2012,3888.47,ITA,TAXREV,TOT,PC_GDP,A,1984,32.999
USA,TAXREV,TOT,MLN_USD,A,2014,4526.89,ITA,TAXREV,TOT,PC_GDP,A,1985,32.516
USA,TAXREV,TOT,MLN_USD,A,2016,4821.529,ITA,TAXREV,TOT,PC_GDP,A,1986,34.018
CHL,TAXREV,TOT,MLN_USD,A,1990,5.829,ITA,TAXREV,TOT,PC_GDP,A,1987,34.109
CHL,TAXREV,TOT,MLN_USD,A,1992,8.799,ITA,TAXREV,TOT,PC_GDP,A,1988,34.649
CHL,TAXREV,TOT,MLN_USD,A,1994,10.666,ITA,TAXREV,TOT,PC_GDP,A,1989,35.583
CHL,TAXREV,TOT,MLN_USD,A,1996,15.249,ITA,TAXREV,TOT,PC_GDP,A,1990,36.391
CHL,TAXREV,TOT,MLN_USD,A,1998,15.367,ITA,TAXREV,TOT,PC_GDP,A,1991,36.787
CHL,TAXREV,TOT,MLN_USD,A,2000,14.65,ITA,TAXREV,TOT,PC_GDP,A,1992,39.05
CHL,TAXREV,TOT,MLN_USD,A,2002,13.312,ITA,TAXREV,TOT,PC_GDP,A,1993,40.639
CHL,TAXREV,TOT,MLN_USD,A,2004,18.934,ITA,TAXREV,TOT,PC_GDP,A,1994,38.709
CHL,TAXREV,TOT,MLN_USD,A,2006,34.02,ITA,TAXREV,TOT,PC_GDP,A,1995,38.583
CHL,TAXREV,TOT,MLN_USD,A,2008,38.374,ITA,TAXREV,TOT,PC_GDP,A,1996,40.261
CHL,TAXREV,TOT,MLN_USD,A,2010,42.836,ITA,TAXREV,TOT,PC_GDP,A,1997,41.668
CHL,TAXREV,TOT,MLN_USD,A,2012,57.028,ITA,TAXREV,TOT,PC_GDP,A,1998,40.038
CHL,TAXREV,TOT,MLN_USD,A,2014,51.075,ITA,TAXREV,TOT,PC_GDP,A,1999,40.906
CHL,TAXREV,TOT,MLN_USD,A,2016,50.447,ITA,TAXREV,TOT,PC_GDP,A,2000,40.596
EST,TAXREV,TOT,MLN_USD,A,1995,1.309,ITA,TAXREV,TOT,PC_GDP,A,2001,40.297
EST,TAXREV,TOT,MLN_USD,A,1997,1.739,ITA,TAXREV,TOT,PC_GDP,A,2002,39.751
EST,TAXREV,TOT,MLN_USD,A,1999,1.865,ITA,TAXREV,TOT,PC_GDP,A,2003,40.068
EST,TAXREV,TOT,MLN_USD,A,2001,1.897,ITA,TAXREV,TOT,PC_GDP,A,2004,39.332
EST,TAXREV,TOT,MLN_USD,A,2003,3.04,ITA,TAXREV,TOT,PC_GDP,A,2005,39.149
EST,TAXREV,TOT,MLN_USD,A,2005,4.195,ITA,TAXREV,TOT,PC_GDP,A,2006,40.574
EST,TAXREV,TOT,MLN_USD,A,2007,6.957,ITA,TAXREV,TOT,PC_GDP,A,2007,41.7
EST,TAXREV,TOT,MLN_USD,A,2009,6.862,ITA,TAXREV,TOT,PC_GDP,A,2008,41.723
EST,TAXREV,TOT,MLN_USD,A,2011,7.303,ITA,TAXREV,TOT,PC_GDP,A,2009,42.071
EST,TAXREV,TOT,MLN_USD,A,2013,7.949,ITA,TAXREV,TOT,PC_GDP,A,2010,41.859
EST,TAXREV,TOT,MLN_USD,A,2015,7.631,ITA,TAXREV,TOT,PC_GDP,A,2011,41.906
EST,TAXREV,TOT,MLN_USD,A,2017,8.776,ITA,TAXREV,TOT,PC_GDP,A,2012,43.896
ISR,TAXREV,TOT,MLN_USD,A,1996,38.379,ITA,TAXREV,TOT,PC_GDP,A,2013,44.05
ISR,TAXREV,TOT,MLN_USD,A,1998,39.85,ITA,TAXREV,TOT,PC_GDP,A,2014,43.474
ISR,TAXREV,TOT,MLN_USD,A,2000,46.185,ITA,TAXREV,TOT,PC_GDP,A,2015,43.112
ISR,TAXREV,TOT,MLN_USD,A,2002,41.132,ITA,TAXREV,TOT,PC_GDP,A,2016,42.609
ISR,TAXREV,TOT,MLN_USD,A,2004,45.158,ITA,TAXREV,TOT,PC_GDP,A,2017,42.385
ISR,TAXREV,TOT,MLN_USD,A,2006,52.736,JPN,TAXREV,TOT,PC_GDP,A,1965,17.584
ISR,TAXREV,TOT,MLN_USD,A,2008,69.085,JPN,TAXREV,TOT,PC_GDP,A,1966,17.042
ISR,TAXREV,TOT,MLN_USD,A,2010,71.987,JPN,TAXREV,TOT,PC_GDP,A,1967,17.514
ISR,TAXREV,TOT,MLN_USD,A,2012,77.376,JPN,TAXREV,TOT,PC_GDP,A,1968,17.748
ISR,TAXREV,TOT,MLN_USD,A,2014,96.1,JPN,TAXREV,TOT,PC_GDP,A,1969,18.068
ISR,TAXREV,TOT,MLN_USD,A,2016,99.447,JPN,TAXREV,TOT,PC_GDP,A,1970,18.954
LVA,TAXREV,TOT,MLN_USD,A,1995,1.577,JPN,TAXREV,TOT,PC_GDP,A,1971,19.239
LVA,TAXREV,TOT,MLN_USD,A,1997,1.85,JPN,TAXREV,TOT,PC_GDP,A,1972,19.874
LVA,TAXREV,TOT,MLN_USD,A,1999,2.022,JPN,TAXREV,TOT,PC_GDP,A,1973,21.55
LVA,TAXREV,TOT,MLN_USD,A,2001,1.881,JPN,TAXREV,TOT,PC_GDP,A,1974,22.094
LVA,TAXREV,TOT,MLN_USD,A,2003,2.964,JPN,TAXREV,TOT,PC_GDP,A,1975,20.148
LVA,TAXREV,TOT,MLN_USD,A,2005,4.721,JPN,TAXREV,TOT,PC_GDP,A,1976,20.957
LVA,TAXREV,TOT,MLN_USD,A,2007,8.726,JPN,TAXREV,TOT,PC_GDP,A,1977,21.498
LVA,TAXREV,TOT,MLN_USD,A,2009,7.314,JPN,TAXREV,TOT,PC_GDP,A,1978,23.115
LVA,TAXREV,TOT,MLN_USD,A,2011,7.855,JPN,TAXREV,TOT,PC_GDP,A,1979,23.527
LVA,TAXREV,TOT,MLN_USD,A,2013,8.665,JPN,TAXREV,TOT,PC_GDP,A,1980,24.477
LVA,TAXREV,TOT,MLN_USD,A,2015,7.883,JPN,TAXREV,TOT,PC_GDP,A,1981,25.114
LVA,TAXREV,TOT,MLN_USD,A,2017,9.204,JPN,TAXREV,TOT,PC_GDP,A,1982,25.586
SVN,TAXREV,TOT,MLN_USD,A,1996,5.735,JPN,TAXREV,TOT,PC_GDP,A,1983,26.014
SVN,TAXREV,TOT,MLN_USD,A,1998,6.334,JPN,TAXREV,TOT,PC_GDP,A,1984,26.165
SVN,TAXREV,TOT,MLN_USD,A,2000,6.381,JPN,TAXREV,TOT,PC_GDP,A,1985,26.4
SVN,TAXREV,TOT,MLN_USD,A,2002,8.273,JPN,TAXREV,TOT,PC_GDP,A,1986,27.36
SVN,TAXREV,TOT,MLN_USD,A,2004,12.87,JPN,TAXREV,TOT,PC_GDP,A,1987,28.226
SVN,TAXREV,TOT,MLN_USD,A,2006,14.911,JPN,TAXREV,TOT,PC_GDP,A,1988,28.684
SVN,TAXREV,TOT,MLN_USD,A,2008,20.19,JPN,TAXREV,TOT,PC_GDP,A,1989,28.959
SVN,TAXREV,TOT,MLN_USD,A,2010,17.716,JPN,TAXREV,TOT,PC_GDP,A,1990,28.204
SVN,TAXREV,TOT,MLN_USD,A,2012,17.063,JPN,TAXREV,TOT,PC_GDP,A,1991,27.863
SVN,TAXREV,TOT,MLN_USD,A,2014,18.061,JPN,TAXREV,TOT,PC_GDP,A,1992,26.338
SVN,TAXREV,TOT,MLN_USD,A,2016,16.292,JPN,TAXREV,TOT,PC_GDP,A,1993,26.323
OAVG,TAXREV,TOT,MLN_USD,A,1979,90.757,JPN,TAXREV,TOT,PC_GDP,A,1994,25.465
OAVG,TAXREV,TOT,MLN_USD,A,1981,98.192,JPN,TAXREV,TOT,PC_GDP,A,1995,25.839
OAVG,TAXREV,TOT,MLN_USD,A,1983,97.842,JPN,TAXREV,TOT,PC_GDP,A,1996,25.817
OAVG,TAXREV,TOT,MLN_USD,A,1985,107.879,JPN,TAXREV,TOT,PC_GDP,A,1997,26.178
OAVG,TAXREV,TOT,MLN_USD,A,1987,161.394,JPN,TAXREV,TOT,PC_GDP,A,1998,25.669
OAVG,TAXREV,TOT,MLN_USD,A,1989,188.624,JPN,TAXREV,TOT,PC_GDP,A,1999,25.197
OAVG,TAXREV,TOT,MLN_USD,A,1991,204.732,JPN,TAXREV,TOT,PC_GDP,A,2000,25.777
OAVG,TAXREV,TOT,MLN_USD,A,1993,213.145,JPN,TAXREV,TOT,PC_GDP,A,2001,25.944
OAVG,TAXREV,TOT,MLN_USD,A,1995,213.115,JPN,TAXREV,TOT,PC_GDP,A,2002,24.918
OAVG,TAXREV,TOT,MLN_USD,A,1997,215.253,JPN,TAXREV,TOT,PC_GDP,A,2003,24.522
OAVG,TAXREV,TOT,MLN_USD,A,1999,229.927,JPN,TAXREV,TOT,PC_GDP,A,2004,25.161
OAVG,TAXREV,TOT,MLN_USD,A,2001,226.78,JPN,TAXREV,TOT,PC_GDP,A,2005,26.24
OAVG,TAXREV,TOT,MLN_USD,A,2003,258.435,JPN,TAXREV,TOT,PC_GDP,A,2006,27.029
OAVG,TAXREV,TOT,MLN_USD,A,2005,313.639,JPN,TAXREV,TOT,PC_GDP,A,2007,27.542
OAVG,TAXREV,TOT,MLN_USD,A,2007,373.454,JPN,TAXREV,TOT,PC_GDP,A,2008,27.405
OAVG,TAXREV,TOT,MLN_USD,A,2009,346.144,JPN,TAXREV,TOT,PC_GDP,A,2009,25.963
OAVG,TAXREV,TOT,MLN_USD,A,2011,398.675,JPN,TAXREV,TOT,PC_GDP,A,2010,26.535
OAVG,TAXREV,TOT,MLN_USD,A,2013,414.253,JPN,TAXREV,TOT,PC_GDP,A,2011,27.463
OAVG,TAXREV,TOT,MLN_USD,A,2015,400.212,JPN,TAXREV,TOT,PC_GDP,A,2012,28.231
LTU,TAXREV,TOT,MLN_USD,A,1995,2.805,JPN,TAXREV,TOT,PC_GDP,A,2013,28.863
LTU,TAXREV,TOT,MLN_USD,A,1997,4.151,JPN,TAXREV,TOT,PC_GDP,A,2014,30.26
LTU,TAXREV,TOT,MLN_USD,A,1999,4.423,JPN,TAXREV,TOT,PC_GDP,A,2015,30.63
LTU,TAXREV,TOT,MLN_USD,A,2001,3.727,JPN,TAXREV,TOT,PC_GDP,A,2016,30.584
LTU,TAXREV,TOT,MLN_USD,A,2003,5.391,KOR,TAXREV,TOT,PC_GDP,A,1972,12.412
LTU,TAXREV,TOT,MLN_USD,A,2005,7.623,KOR,TAXREV,TOT,PC_GDP,A,1973,11.979
LTU,TAXREV,TOT,MLN_USD,A,2007,11.939,KOR,TAXREV,TOT,PC_GDP,A,1974,13.095
LTU,TAXREV,TOT,MLN_USD,A,2009,11.29,KOR,TAXREV,TOT,PC_GDP,A,1975,14.896
LTU,TAXREV,TOT,MLN_USD,A,2011,11.83,KOR,TAXREV,TOT,PC_GDP,A,1976,16.216
LTU,TAXREV,TOT,MLN_USD,A,2013,12.515,KOR,TAXREV,TOT,PC_GDP,A,1977,16.163
LTU,TAXREV,TOT,MLN_USD,A,2015,11.989,KOR,TAXREV,TOT,PC_GDP,A,1978,16.566
LTU,TAXREV,TOT,MLN_USD,A,2017,14.081,KOR,TAXREV,TOT,PC_GDP,A,1979,16.875
LTU,TAXREV,TOT,PC_GDP,A,1995,27.64,KOR,TAXREV,TOT,PC_GDP,A,1980,16.941
LTU,TAXREV,TOT,PC_GDP,A,1996,27.255,KOR,TAXREV,TOT,PC_GDP,A,1981,16.781
LTU,TAXREV,TOT,PC_GDP,A,1997,31.243,KOR,TAXREV,TOT,PC_GDP,A,1982,16.968
LTU,TAXREV,TOT,PC_GDP,A,1998,32.758,KOR,TAXREV,TOT,PC_GDP,A,1983,17.188
LTU,TAXREV,TOT,PC_GDP,A,1999,32.658,KOR,TAXREV,TOT,PC_GDP,A,1984,16.166
LTU,TAXREV,TOT,PC_GDP,A,2000,30.783,KOR,TAXREV,TOT,PC_GDP,A,1985,15.779
LTU,TAXREV,TOT,PC_GDP,A,2001,29.321,KOR,TAXREV,TOT,PC_GDP,A,1986,15.402
LTU,TAXREV,TOT,PC_GDP,A,2002,28.99,KOR,TAXREV,TOT,PC_GDP,A,1987,15.668
LTU,TAXREV,TOT,PC_GDP,A,2003,28.631,KOR,TAXREV,TOT,PC_GDP,A,1988,15.569
LTU,TAXREV,TOT,PC_GDP,A,2004,28.997,KOR,TAXREV,TOT,PC_GDP,A,1989,16.332
LTU,TAXREV,TOT,PC_GDP,A,2005,29.203,KOR,TAXREV,TOT,PC_GDP,A,1990,18.846
LTU,TAXREV,TOT,PC_GDP,A,2006,30.133,KOR,TAXREV,TOT,PC_GDP,A,1991,18.54
LTU,TAXREV,TOT,PC_GDP,A,2007,30.03,KOR,TAXREV,TOT,PC_GDP,A,1992,18.446
LTU,TAXREV,TOT,PC_GDP,A,2008,30.577,KOR,TAXREV,TOT,PC_GDP,A,1993,18.771
LTU,TAXREV,TOT,PC_GDP,A,2009,30.172,KOR,TAXREV,TOT,PC_GDP,A,1994,18.896
LTU,TAXREV,TOT,PC_GDP,A,2010,28.291,KOR,TAXREV,TOT,PC_GDP,A,1995,19.118
LTU,TAXREV,TOT,PC_GDP,A,2011,27.202,KOR,TAXREV,TOT,PC_GDP,A,1996,19.75
LTU,TAXREV,TOT,PC_GDP,A,2012,26.968,KOR,TAXREV,TOT,PC_GDP,A,1997,19.405
LTU,TAXREV,TOT,PC_GDP,A,2013,26.966,KOR,TAXREV,TOT,PC_GDP,A,1998,19.415
LTU,TAXREV,TOT,PC_GDP,A,2014,27.486,KOR,TAXREV,TOT,PC_GDP,A,1999,19.72
LTU,TAXREV,TOT,PC_GDP,A,2015,28.877,KOR,TAXREV,TOT,PC_GDP,A,2000,21.458
LTU,TAXREV,TOT,PC_GDP,A,2016,29.824,KOR,TAXREV,TOT,PC_GDP,A,2001,21.782
LTU,TAXREV,TOT,PC_GDP,A,2017,29.842,KOR,TAXREV,TOT,PC_GDP,A,2002,21.95
,,,,,,,KOR,TAXREV,TOT,PC_GDP,A,2003,22.708
,,,,,,,KOR,TAXREV,TOT,PC_GDP,A,2004,21.961
,,,,,,,KOR,TAXREV,TOT,PC_GDP,A,2005,22.542
,,,,,,,KOR,TAXREV,TOT,PC_GDP,A,2006,23.559
,,,,,,,KOR,TAXREV,TOT,PC_GDP,A,2007,24.785
,,,,,,,KOR,TAXREV,TOT,PC_GDP,A,2008,24.645
,,,,,,,KOR,TAXREV,TOT,PC_GDP,A,2009,23.76
,,,,,,,KOR,TAXREV,TOT,PC_GDP,A,2010,23.391
,,,,,,,KOR,TAXREV,TOT,PC_GDP,A,2011,24.155
,,,,,,,KOR,TAXREV,TOT,PC_GDP,A,2012,24.78
,,,,,,,KOR,TAXREV,TOT,PC_GDP,A,2013,24.298
,,,,,,,KOR,TAXREV,TOT,PC_GDP,A,2014,24.59
,,,,,,,KOR,TAXREV,TOT,PC_GDP,A,2015,25.162
,,,,,,,KOR,TAXREV,TOT,PC_GDP,A,2016,26.237
,,,,,,,KOR,TAXREV,TOT,PC_GDP,A,2017,26.9
,,,,,,,LUX,TAXREV,TOT,PC_GDP,A,1965,26.35
,,,,,,,LUX,TAXREV,TOT,PC_GDP,A,1966,26.096
,,,,,,,LUX,TAXREV,TOT,PC_GDP,A,1967,26.743
,,,,,,,LUX,TAXREV,TOT,PC_GDP,A,1968,25.854
,,,,,,,LUX,TAXREV,TOT,PC_GDP,A,1969,26.012
,,,,,,,LUX,TAXREV,TOT,PC_GDP,A,1970,22.482
,,,,,,,LUX,TAXREV,TOT,PC_GDP,A,1971,24.592
,,,,,,,LUX,TAXREV,TOT,PC_GDP,A,1972,25.097
,,,,,,,LUX,TAXREV,TOT,PC_GDP,A,1973,25.449
,,,,,,,LUX,TAXREV,TOT,PC_GDP,A,1974,26.299
,,,,,,,LUX,TAXREV,TOT,PC_GDP,A,1975,31.373
,,,,,,,LUX,TAXREV,TOT,PC_GDP,A,1976,31.549
,,,,,,,LUX,TAXREV,TOT,PC_GDP,A,1977,34.95
,,,,,,,LUX,TAXREV,TOT,PC_GDP,A,1978,35.586
,,,,,,,LUX,TAXREV,TOT,PC_GDP,A,1979,33.327
,,,,,,,LUX,TAXREV,TOT,PC_GDP,A,1980,34.156
,,,,,,,LUX,TAXREV,TOT,PC_GDP,A,1981,35.081
,,,,,,,LUX,TAXREV,TOT,PC_GDP,A,1982,36.248
,,,,,,,LUX,TAXREV,TOT,PC_GDP,A,1983,38.219
,,,,,,,LUX,TAXREV,TOT,PC_GDP,A,1984,36.774
,,,,,,,LUX,TAXREV,TOT,PC_GDP,A,1985,37.792
,,,,,,,LUX,TAXREV,TOT,PC_GDP,A,1986,35.836
,,,,,,,LUX,TAXREV,TOT,PC_GDP,A,1987,36.034
,,,,,,,LUX,TAXREV,TOT,PC_GDP,A,1988,34.721
,,,,,,,LUX,TAXREV,TOT,PC_GDP,A,1989,33.927
,,,,,,,LUX,TAXREV,TOT,PC_GDP,A,1990,33.493
,,,,,,,LUX,TAXREV,TOT,PC_GDP,A,1991,31.481
,,,,,,,LUX,TAXREV,TOT,PC_GDP,A,1992,32.219
,,,,,,,LUX,TAXREV,TOT,PC_GDP,A,1993,34.221
,,,,,,,LUX,TAXREV,TOT,PC_GDP,A,1994,34.71
,,,,,,,LUX,TAXREV,TOT,PC_GDP,A,1995,34.85
,,,,,,,LUX,TAXREV,TOT,PC_GDP,A,1996,35.063
,,,,,,,LUX,TAXREV,TOT,PC_GDP,A,1997,36.457
,,,,,,,LUX,TAXREV,TOT,PC_GDP,A,1998,37.325
,,,,,,,LUX,TAXREV,TOT,PC_GDP,A,1999,36.184
,,,,,,,LUX,TAXREV,TOT,PC_GDP,A,2000,36.92
,,,,,,,LUX,TAXREV,TOT,PC_GDP,A,2001,37.451
,,,,,,,LUX,TAXREV,TOT,PC_GDP,A,2002,37.35
,,,,,,,LUX,TAXREV,TOT,PC_GDP,A,2003,37.477
,,,,,,,LUX,TAXREV,TOT,PC_GDP,A,2004,36.548
,,,,,,,LUX,TAXREV,TOT,PC_GDP,A,2005,37.788
,,,,,,,LUX,TAXREV,TOT,PC_GDP,A,2006,35.723
,,,,,,,LUX,TAXREV,TOT,PC_GDP,A,2007,36.084
,,,,,,,LUX,TAXREV,TOT,PC_GDP,A,2008,36.65
,,,,,,,LUX,TAXREV,TOT,PC_GDP,A,2009,38.201
,,,,,,,LUX,TAXREV,TOT,PC_GDP,A,2010,37.397
,,,,,,,LUX,TAXREV,TOT,PC_GDP,A,2011,37.042
,,,,,,,LUX,TAXREV,TOT,PC_GDP,A,2012,38.392
,,,,,,,LUX,TAXREV,TOT,PC_GDP,A,2013,38.293
,,,,,,,LUX,TAXREV,TOT,PC_GDP,A,2014,37.446
,,,,,,,LUX,TAXREV,TOT,PC_GDP,A,2015,37.092
,,,,,,,LUX,TAXREV,TOT,PC_GDP,A,2016,38.146
,,,,,,,LUX,TAXREV,TOT,PC_GDP,A,2017,38.654
,,,,,,,MEX,TAXREV,TOT,PC_GDP,A,1980,14.169
,,,,,,,MEX,TAXREV,TOT,PC_GDP,A,1981,13.781
,,,,,,,MEX,TAXREV,TOT,PC_GDP,A,1982,14.035
,,,,,,,MEX,TAXREV,TOT,PC_GDP,A,1983,15.659
,,,,,,,MEX,TAXREV,TOT,PC_GDP,A,1984,15.222
,,,,,,,MEX,TAXREV,TOT,PC_GDP,A,1985,14.846
,,,,,,,MEX,TAXREV,TOT,PC_GDP,A,1986,14.165
,,,,,,,MEX,TAXREV,TOT,PC_GDP,A,1987,15.065
,,,,,,,MEX,TAXREV,TOT,PC_GDP,A,1988,14.525
,,,,,,,MEX,TAXREV,TOT,PC_GDP,A,1989,15.061
,,,,,,,MEX,TAXREV,TOT,PC_GDP,A,1990,12.091
,,,,,,,MEX,TAXREV,TOT,PC_GDP,A,1991,12.257
,,,,,,,MEX,TAXREV,TOT,PC_GDP,A,1992,12.802
,,,,,,,MEX,TAXREV,TOT,PC_GDP,A,1993,12.002
,,,,,,,MEX,TAXREV,TOT,PC_GDP,A,1994,12.002
,,,,,,,MEX,TAXREV,TOT,PC_GDP,A,1995,10.11
,,,,,,,MEX,TAXREV,TOT,PC_GDP,A,1996,9.912
,,,,,,,MEX,TAXREV,TOT,PC_GDP,A,1997,10.5
,,,,,,,MEX,TAXREV,TOT,PC_GDP,A,1998,10.963
,,,,,,,MEX,TAXREV,TOT,PC_GDP,A,1999,11.728
,,,,,,,MEX,TAXREV,TOT,PC_GDP,A,2000,11.462
,,,,,,,MEX,TAXREV,TOT,PC_GDP,A,2001,12.194
,,,,,,,MEX,TAXREV,TOT,PC_GDP,A,2002,12.61
,,,,,,,MEX,TAXREV,TOT,PC_GDP,A,2003,12.671
,,,,,,,MEX,TAXREV,TOT,PC_GDP,A,2004,11.559
,,,,,,,MEX,TAXREV,TOT,PC_GDP,A,2005,11.362
,,,,,,,MEX,TAXREV,TOT,PC_GDP,A,2006,11.588
,,,,,,,MEX,TAXREV,TOT,PC_GDP,A,2007,12.014
,,,,,,,MEX,TAXREV,TOT,PC_GDP,A,2008,12.599
,,,,,,,MEX,TAXREV,TOT,PC_GDP,A,2009,12.467
,,,,,,,MEX,TAXREV,TOT,PC_GDP,A,2010,12.84
,,,,,,,MEX,TAXREV,TOT,PC_GDP,A,2011,12.767
,,,,,,,MEX,TAXREV,TOT,PC_GDP,A,2012,12.649
,,,,,,,MEX,TAXREV,TOT,PC_GDP,A,2013,13.304
,,,,,,,MEX,TAXREV,TOT,PC_GDP,A,2014,13.704
,,,,,,,MEX,TAXREV,TOT,PC_GDP,A,2015,15.933
,,,,,,,MEX,TAXREV,TOT,PC_GDP,A,2016,16.634
,,,,,,,MEX,TAXREV,TOT,PC_GDP,A,2017,16.174
,,,,,,,NLD,TAXREV,TOT,PC_GDP,A,1965,30.48
,,,,,,,NLD,TAXREV,TOT,PC_GDP,A,1966,31.787
,,,,,,,NLD,TAXREV,TOT,PC_GDP,A,1967,32.716
,,,,,,,NLD,TAXREV,TOT,PC_GDP,A,1968,33.37
,,,,,,,NLD,TAXREV,TOT,PC_GDP,A,1969,32.169
,,,,,,,NLD,TAXREV,TOT,PC_GDP,A,1970,32.974
,,,,,,,NLD,TAXREV,TOT,PC_GDP,A,1971,34.336
,,,,,,,NLD,TAXREV,TOT,PC_GDP,A,1972,35.415
,,,,,,,NLD,TAXREV,TOT,PC_GDP,A,1973,36.385
,,,,,,,NLD,TAXREV,TOT,PC_GDP,A,1974,36.79
,,,,,,,NLD,TAXREV,TOT,PC_GDP,A,1975,37.72
,,,,,,,NLD,TAXREV,TOT,PC_GDP,A,1976,37.609
,,,,,,,NLD,TAXREV,TOT,PC_GDP,A,1977,38.435
,,,,,,,NLD,TAXREV,TOT,PC_GDP,A,1978,39.054
,,,,,,,NLD,TAXREV,TOT,PC_GDP,A,1979,39.456
,,,,,,,NLD,TAXREV,TOT,PC_GDP,A,1980,39.748
,,,,,,,NLD,TAXREV,TOT,PC_GDP,A,1981,38.918
,,,,,,,NLD,TAXREV,TOT,PC_GDP,A,1982,39.57
,,,,,,,NLD,TAXREV,TOT,PC_GDP,A,1983,40.647
,,,,,,,NLD,TAXREV,TOT,PC_GDP,A,1984,38.964
,,,,,,,NLD,TAXREV,TOT,PC_GDP,A,1985,39.284
,,,,,,,NLD,TAXREV,TOT,PC_GDP,A,1986,39.9
,,,,,,,NLD,TAXREV,TOT,PC_GDP,A,1987,42.121
,,,,,,,NLD,TAXREV,TOT,PC_GDP,A,1988,42.081
,,,,,,,NLD,TAXREV,TOT,PC_GDP,A,1989,39.691
,,,,,,,NLD,TAXREV,TOT,PC_GDP,A,1990,39.698
,,,,,,,NLD,TAXREV,TOT,PC_GDP,A,1991,41.728
,,,,,,,NLD,TAXREV,TOT,PC_GDP,A,1992,41.389
,,,,,,,NLD,TAXREV,TOT,PC_GDP,A,1993,41.581
,,,,,,,NLD,TAXREV,TOT,PC_GDP,A,1994,39.733
,,,,,,,NLD,TAXREV,TOT,PC_GDP,A,1995,37.248
,,,,,,,NLD,TAXREV,TOT,PC_GDP,A,1996,37.345
,,,,,,,NLD,TAXREV,TOT,PC_GDP,A,1997,36.798
,,,,,,,NLD,TAXREV,TOT,PC_GDP,A,1998,36.254
,,,,,,,NLD,TAXREV,TOT,PC_GDP,A,1999,37.158
,,,,,,,NLD,TAXREV,TOT,PC_GDP,A,2000,36.907
,,,,,,,NLD,TAXREV,TOT,PC_GDP,A,2001,35.612
,,,,,,,NLD,TAXREV,TOT,PC_GDP,A,2002,35.014
,,,,,,,NLD,TAXREV,TOT,PC_GDP,A,2003,34.804
,,,,,,,NLD,TAXREV,TOT,PC_GDP,A,2004,34.809
,,,,,,,NLD,TAXREV,TOT,PC_GDP,A,2005,35.013
,,,,,,,NLD,TAXREV,TOT,PC_GDP,A,2006,36.047
,,,,,,,NLD,TAXREV,TOT,PC_GDP,A,2007,35.685
,,,,,,,NLD,TAXREV,TOT,PC_GDP,A,2008,35.946
,,,,,,,NLD,TAXREV,TOT,PC_GDP,A,2009,34.939
,,,,,,,NLD,TAXREV,TOT,PC_GDP,A,2010,35.656
,,,,,,,NLD,TAXREV,TOT,PC_GDP,A,2011,35.443
,,,,,,,NLD,TAXREV,TOT,PC_GDP,A,2012,35.587
,,,,,,,NLD,TAXREV,TOT,PC_GDP,A,2013,36.109
,,,,,,,NLD,TAXREV,TOT,PC_GDP,A,2014,37.047
,,,,,,,NLD,TAXREV,TOT,PC_GDP,A,2015,37.007
,,,,,,,NLD,TAXREV,TOT,PC_GDP,A,2016,38.401
,,,,,,,NLD,TAXREV,TOT,PC_GDP,A,2017,38.752
,,,,,,,NZL,TAXREV,TOT,PC_GDP,A,1965,24.498
,,,,,,,NZL,TAXREV,TOT,PC_GDP,A,1966,25.226
,,,,,,,NZL,TAXREV,TOT,PC_GDP,A,1967,27.293
,,,,,,,NZL,TAXREV,TOT,PC_GDP,A,1968,23.703
,,,,,,,NZL,TAXREV,TOT,PC_GDP,A,1969,24.806
,,,,,,,NZL,TAXREV,TOT,PC_GDP,A,1970,26.516
,,,,,,,NZL,TAXREV,TOT,PC_GDP,A,1971,26.509
,,,,,,,NZL,TAXREV,TOT,PC_GDP,A,1972,25.962
,,,,,,,NZL,TAXREV,TOT,PC_GDP,A,1973,27.5
,,,,,,,NZL,TAXREV,TOT,PC_GDP,A,1974,30.227
,,,,,,,NZL,TAXREV,TOT,PC_GDP,A,1975,29.994
,,,,,,,NZL,TAXREV,TOT,PC_GDP,A,1976,29.733
,,,,,,,NZL,TAXREV,TOT,PC_GDP,A,1977,31.762
,,,,,,,NZL,TAXREV,TOT,PC_GDP,A,1978,30.297
,,,,,,,NZL,TAXREV,TOT,PC_GDP,A,1979,31.526
,,,,,,,NZL,TAXREV,TOT,PC_GDP,A,1980,31.658
,,,,,,,NZL,TAXREV,TOT,PC_GDP,A,1981,32.585
,,,,,,,NZL,TAXREV,TOT,PC_GDP,A,1982,32.532
,,,,,,,NZL,TAXREV,TOT,PC_GDP,A,1983,30.222
,,,,,,,NZL,TAXREV,TOT,PC_GDP,A,1984,30.269
,,,,,,,NZL,TAXREV,TOT,PC_GDP,A,1985,31.208
,,,,,,,NZL,TAXREV,TOT,PC_GDP,A,1986,31.997
,,,,,,,NZL,TAXREV,TOT,PC_GDP,A,1987,35.071
,,,,,,,NZL,TAXREV,TOT,PC_GDP,A,1988,34.305
,,,,,,,NZL,TAXREV,TOT,PC_GDP,A,1989,36.831
,,,,,,,NZL,TAXREV,TOT,PC_GDP,A,1990,36.175
,,,,,,,NZL,TAXREV,TOT,PC_GDP,A,1991,34.341
,,,,,,,NZL,TAXREV,TOT,PC_GDP,A,1992,34.763
,,,,,,,NZL,TAXREV,TOT,PC_GDP,A,1993,34.872
,,,,,,,NZL,TAXREV,TOT,PC_GDP,A,1994,35.423
,,,,,,,NZL,TAXREV,TOT,PC_GDP,A,1995,35.571
,,,,,,,NZL,TAXREV,TOT,PC_GDP,A,1996,33.754
,,,,,,,NZL,TAXREV,TOT,PC_GDP,A,1997,33.931
,,,,,,,NZL,TAXREV,TOT,PC_GDP,A,1998,32.276
,,,,,,,NZL,TAXREV,TOT,PC_GDP,A,1999,32.313
,,,,,,,NZL,TAXREV,TOT,PC_GDP,A,2000,32.538
,,,,,,,NZL,TAXREV,TOT,PC_GDP,A,2001,31.941
,,,,,,,NZL,TAXREV,TOT,PC_GDP,A,2002,33.251
,,,,,,,NZL,TAXREV,TOT,PC_GDP,A,2003,33.162
,,,,,,,NZL,TAXREV,TOT,PC_GDP,A,2004,34.203
,,,,,,,NZL,TAXREV,TOT,PC_GDP,A,2005,36.058
,,,,,,,NZL,TAXREV,TOT,PC_GDP,A,2006,35.276
,,,,,,,NZL,TAXREV,TOT,PC_GDP,A,2007,33.878
,,,,,,,NZL,TAXREV,TOT,PC_GDP,A,2008,32.896
,,,,,,,NZL,TAXREV,TOT,PC_GDP,A,2009,30.248
,,,,,,,NZL,TAXREV,TOT,PC_GDP,A,2010,30.273
,,,,,,,NZL,TAXREV,TOT,PC_GDP,A,2011,30.055
,,,,,,,NZL,TAXREV,TOT,PC_GDP,A,2012,31.644
,,,,,,,NZL,TAXREV,TOT,PC_GDP,A,2013,30.477
,,,,,,,NZL,TAXREV,TOT,PC_GDP,A,2014,31.223
,,,,,,,NZL,TAXREV,TOT,PC_GDP,A,2015,31.569
,,,,,,,NZL,TAXREV,TOT,PC_GDP,A,2016,31.574
,,,,,,,NZL,TAXREV,TOT,PC_GDP,A,2017,31.98
,,,,,,,NOR,TAXREV,TOT,PC_GDP,A,1965,29.445
,,,,,,,NOR,TAXREV,TOT,PC_GDP,A,1966,30.615
,,,,,,,NOR,TAXREV,TOT,PC_GDP,A,1967,32.357
,,,,,,,NOR,TAXREV,TOT,PC_GDP,A,1968,33.32
,,,,,,,NOR,TAXREV,TOT,PC_GDP,A,1969,34.596
,,,,,,,NOR,TAXREV,TOT,PC_GDP,A,1970,34.26
,,,,,,,NOR,TAXREV,TOT,PC_GDP,A,1971,36.736
,,,,,,,NOR,TAXREV,TOT,PC_GDP,A,1972,38.594
,,,,,,,NOR,TAXREV,TOT,PC_GDP,A,1973,38.986
,,,,,,,NOR,TAXREV,TOT,PC_GDP,A,1974,38.613
,,,,,,,NOR,TAXREV,TOT,PC_GDP,A,1975,38.828
,,,,,,,NOR,TAXREV,TOT,PC_GDP,A,1976,40.224
,,,,,,,NOR,TAXREV,TOT,PC_GDP,A,1977,40.957
,,,,,,,NOR,TAXREV,TOT,PC_GDP,A,1978,40.436
,,,,,,,NOR,TAXREV,TOT,PC_GDP,A,1979,40.306
,,,,,,,NOR,TAXREV,TOT,PC_GDP,A,1980,41.944
,,,,,,,NOR,TAXREV,TOT,PC_GDP,A,1981,43.361
,,,,,,,NOR,TAXREV,TOT,PC_GDP,A,1982,42.553
,,,,,,,NOR,TAXREV,TOT,PC_GDP,A,1983,41.282
,,,,,,,NOR,TAXREV,TOT,PC_GDP,A,1984,40.528
,,,,,,,NOR,TAXREV,TOT,PC_GDP,A,1985,41.867
,,,,,,,NOR,TAXREV,TOT,PC_GDP,A,1986,43.641
,,,,,,,NOR,TAXREV,TOT,PC_GDP,A,1987,41.891
,,,,,,,NOR,TAXREV,TOT,PC_GDP,A,1988,41.436
,,,,,,,NOR,TAXREV,TOT,PC_GDP,A,1989,39.742
,,,,,,,NOR,TAXREV,TOT,PC_GDP,A,1990,40.249
,,,,,,,NOR,TAXREV,TOT,PC_GDP,A,1991,40.368
,,,,,,,NOR,TAXREV,TOT,PC_GDP,A,1992,39.532
,,,,,,,NOR,TAXREV,TOT,PC_GDP,A,1993,38.657
,,,,,,,NOR,TAXREV,TOT,PC_GDP,A,1994,39.952
,,,,,,,NOR,TAXREV,TOT,PC_GDP,A,1995,40.037
,,,,,,,NOR,TAXREV,TOT,PC_GDP,A,1996,40.011
,,,,,,,NOR,TAXREV,TOT,PC_GDP,A,1997,40.695
,,,,,,,NOR,TAXREV,TOT,PC_GDP,A,1998,41.58
,,,,,,,NOR,TAXREV,TOT,PC_GDP,A,1999,41.86
,,,,,,,NOR,TAXREV,TOT,PC_GDP,A,2000,41.885
,,,,,,,NOR,TAXREV,TOT,PC_GDP,A,2001,42.093
,,,,,,,NOR,TAXREV,TOT,PC_GDP,A,2002,42.358
,,,,,,,NOR,TAXREV,TOT,PC_GDP,A,2003,41.663
,,,,,,,NOR,TAXREV,TOT,PC_GDP,A,2004,42.408
,,,,,,,NOR,TAXREV,TOT,PC_GDP,A,2005,42.598
,,,,,,,NOR,TAXREV,TOT,PC_GDP,A,2006,42.831
,,,,,,,NOR,TAXREV,TOT,PC_GDP,A,2007,42.093
,,,,,,,NOR,TAXREV,TOT,PC_GDP,A,2008,41.375
,,,,,,,NOR,TAXREV,TOT,PC_GDP,A,2009,41.202
,,,,,,,NOR,TAXREV,TOT,PC_GDP,A,2010,41.896
,,,,,,,NOR,TAXREV,TOT,PC_GDP,A,2011,42.025
,,,,,,,NOR,TAXREV,TOT,PC_GDP,A,2012,41.463
,,,,,,,NOR,TAXREV,TOT,PC_GDP,A,2013,39.867
,,,,,,,NOR,TAXREV,TOT,PC_GDP,A,2014,38.792
,,,,,,,NOR,TAXREV,TOT,PC_GDP,A,2015,38.428
,,,,,,,NOR,TAXREV,TOT,PC_GDP,A,2016,38.699
,,,,,,,NOR,TAXREV,TOT,PC_GDP,A,2017,38.228
,,,,,,,POL,TAXREV,TOT,PC_GDP,A,1991,34.027
,,,,,,,POL,TAXREV,TOT,PC_GDP,A,1992,36.178
,,,,,,,POL,TAXREV,TOT,PC_GDP,A,1993,39.217
,,,,,,,POL,TAXREV,TOT,PC_GDP,A,1994,36.438
,,,,,,,POL,TAXREV,TOT,PC_GDP,A,1995,36.617
,,,,,,,POL,TAXREV,TOT,PC_GDP,A,1996,36.612
,,,,,,,POL,TAXREV,TOT,PC_GDP,A,1997,36.114
,,,,,,,POL,TAXREV,TOT,PC_GDP,A,1998,35.328
,,,,,,,POL,TAXREV,TOT,PC_GDP,A,1999,35.021
,,,,,,,POL,TAXREV,TOT,PC_GDP,A,2000,32.935
,,,,,,,POL,TAXREV,TOT,PC_GDP,A,2001,32.895
,,,,,,,POL,TAXREV,TOT,PC_GDP,A,2002,33.034
,,,,,,,POL,TAXREV,TOT,PC_GDP,A,2003,32.49
,,,,,,,POL,TAXREV,TOT,PC_GDP,A,2004,31.919
,,,,,,,POL,TAXREV,TOT,PC_GDP,A,2005,32.94
,,,,,,,POL,TAXREV,TOT,PC_GDP,A,2006,33.61
,,,,,,,POL,TAXREV,TOT,PC_GDP,A,2007,34.622
,,,,,,,POL,TAXREV,TOT,PC_GDP,A,2008,34.145
,,,,,,,POL,TAXREV,TOT,PC_GDP,A,2009,31.199
,,,,,,,POL,TAXREV,TOT,PC_GDP,A,2010,31.415
,,,,,,,POL,TAXREV,TOT,PC_GDP,A,2011,31.849
,,,,,,,POL,TAXREV,TOT,PC_GDP,A,2012,32.077
,,,,,,,POL,TAXREV,TOT,PC_GDP,A,2013,31.943
,,,,,,,POL,TAXREV,TOT,PC_GDP,A,2014,31.876
,,,,,,,POL,TAXREV,TOT,PC_GDP,A,2015,32.367
,,,,,,,POL,TAXREV,TOT,PC_GDP,A,2016,33.394
,,,,,,,POL,TAXREV,TOT,PC_GDP,A,2017,33.9
,,,,,,,PRT,TAXREV,TOT,PC_GDP,A,1965,15.668
,,,,,,,PRT,TAXREV,TOT,PC_GDP,A,1966,16.068
,,,,,,,PRT,TAXREV,TOT,PC_GDP,A,1967,16.723
,,,,,,,PRT,TAXREV,TOT,PC_GDP,A,1968,16.765
,,,,,,,PRT,TAXREV,TOT,PC_GDP,A,1969,17.424
,,,,,,,PRT,TAXREV,TOT,PC_GDP,A,1970,17.584
,,,,,,,PRT,TAXREV,TOT,PC_GDP,A,1971,17.337
,,,,,,,PRT,TAXREV,TOT,PC_GDP,A,1972,17.12
,,,,,,,PRT,TAXREV,TOT,PC_GDP,A,1973,16.726
,,,,,,,PRT,TAXREV,TOT,PC_GDP,A,1974,17.133
,,,,,,,PRT,TAXREV,TOT,PC_GDP,A,1975,18.854
,,,,,,,PRT,TAXREV,TOT,PC_GDP,A,1976,20.473
,,,,,,,PRT,TAXREV,TOT,PC_GDP,A,1977,20.885
,,,,,,,PRT,TAXREV,TOT,PC_GDP,A,1978,20.17
,,,,,,,PRT,TAXREV,TOT,PC_GDP,A,1979,19.866
,,,,,,,PRT,TAXREV,TOT,PC_GDP,A,1980,21.884
,,,,,,,PRT,TAXREV,TOT,PC_GDP,A,1981,23.149
,,,,,,,PRT,TAXREV,TOT,PC_GDP,A,1982,23.739
,,,,,,,PRT,TAXREV,TOT,PC_GDP,A,1983,25.101
,,,,,,,PRT,TAXREV,TOT,PC_GDP,A,1984,24.591
,,,,,,,PRT,TAXREV,TOT,PC_GDP,A,1985,24.122
,,,,,,,PRT,TAXREV,TOT,PC_GDP,A,1986,25.455
,,,,,,,PRT,TAXREV,TOT,PC_GDP,A,1987,23.988
,,,,,,,PRT,TAXREV,TOT,PC_GDP,A,1988,25.627
,,,,,,,PRT,TAXREV,TOT,PC_GDP,A,1989,26.283
,,,,,,,PRT,TAXREV,TOT,PC_GDP,A,1990,26.483
,,,,,,,PRT,TAXREV,TOT,PC_GDP,A,1991,27.527
,,,,,,,PRT,TAXREV,TOT,PC_GDP,A,1992,29.452
,,,,,,,PRT,TAXREV,TOT,PC_GDP,A,1993,28.026
,,,,,,,PRT,TAXREV,TOT,PC_GDP,A,1994,28.802
,,,,,,,PRT,TAXREV,TOT,PC_GDP,A,1995,29.278
,,,,,,,PRT,TAXREV,TOT,PC_GDP,A,1996,29.957
,,,,,,,PRT,TAXREV,TOT,PC_GDP,A,1997,29.921
,,,,,,,PRT,TAXREV,TOT,PC_GDP,A,1998,30.175
,,,,,,,PRT,TAXREV,TOT,PC_GDP,A,1999,30.958
,,,,,,,PRT,TAXREV,TOT,PC_GDP,A,2000,31.05
,,,,,,,PRT,TAXREV,TOT,PC_GDP,A,2001,30.821
,,,,,,,PRT,TAXREV,TOT,PC_GDP,A,2002,31.247
,,,,,,,PRT,TAXREV,TOT,PC_GDP,A,2003,31.339
,,,,,,,PRT,TAXREV,TOT,PC_GDP,A,2004,30.15
,,,,,,,PRT,TAXREV,TOT,PC_GDP,A,2005,30.807
,,,,,,,PRT,TAXREV,TOT,PC_GDP,A,2006,31.331
,,,,,,,PRT,TAXREV,TOT,PC_GDP,A,2007,31.817
,,,,,,,PRT,TAXREV,TOT,PC_GDP,A,2008,31.73
,,,,,,,PRT,TAXREV,TOT,PC_GDP,A,2009,29.914
,,,,,,,PRT,TAXREV,TOT,PC_GDP,A,2010,30.405
,,,,,,,PRT,TAXREV,TOT,PC_GDP,A,2011,32.329
,,,,,,,PRT,TAXREV,TOT,PC_GDP,A,2012,31.779
,,,,,,,PRT,TAXREV,TOT,PC_GDP,A,2013,34.073
,,,,,,,PRT,TAXREV,TOT,PC_GDP,A,2014,34.255
,,,,,,,PRT,TAXREV,TOT,PC_GDP,A,2015,34.447
,,,,,,,PRT,TAXREV,TOT,PC_GDP,A,2016,34.323
,,,,,,,PRT,TAXREV,TOT,PC_GDP,A,2017,34.708
,,,,,,,SVK,TAXREV,TOT,PC_GDP,A,1995,39.562
,,,,,,,SVK,TAXREV,TOT,PC_GDP,A,1996,38.642
,,,,,,,SVK,TAXREV,TOT,PC_GDP,A,1997,36.467
,,,,,,,SVK,TAXREV,TOT,PC_GDP,A,1998,36.057
,,,,,,,SVK,TAXREV,TOT,PC_GDP,A,1999,34.816
,,,,,,,SVK,TAXREV,TOT,PC_GDP,A,2000,33.626
,,,,,,,SVK,TAXREV,TOT,PC_GDP,A,2001,32.689
,,,,,,,SVK,TAXREV,TOT,PC_GDP,A,2002,32.806
,,,,,,,SVK,TAXREV,TOT,PC_GDP,A,2003,32.535
,,,,,,,SVK,TAXREV,TOT,PC_GDP,A,2004,31.506
,,,,,,,SVK,TAXREV,TOT,PC_GDP,A,2005,31.263
,,,,,,,SVK,TAXREV,TOT,PC_GDP,A,2006,29.307
,,,,,,,SVK,TAXREV,TOT,PC_GDP,A,2007,29.209
,,,,,,,SVK,TAXREV,TOT,PC_GDP,A,2008,29.045
,,,,,,,SVK,TAXREV,TOT,PC_GDP,A,2009,28.867
,,,,,,,SVK,TAXREV,TOT,PC_GDP,A,2010,28.075
,,,,,,,SVK,TAXREV,TOT,PC_GDP,A,2011,28.619
,,,,,,,SVK,TAXREV,TOT,PC_GDP,A,2012,28.337
,,,,,,,SVK,TAXREV,TOT,PC_GDP,A,2013,30.235
,,,,,,,SVK,TAXREV,TOT,PC_GDP,A,2014,31.123
,,,,,,,SVK,TAXREV,TOT,PC_GDP,A,2015,32.179
,,,,,,,SVK,TAXREV,TOT,PC_GDP,A,2016,32.385
,,,,,,,SVK,TAXREV,TOT,PC_GDP,A,2017,32.9
,,,,,,,ESP,TAXREV,TOT,PC_GDP,A,1965,14.294
,,,,,,,ESP,TAXREV,TOT,PC_GDP,A,1966,13.254
,,,,,,,ESP,TAXREV,TOT,PC_GDP,A,1967,16.458
,,,,,,,ESP,TAXREV,TOT,PC_GDP,A,1968,15.637
,,,,,,,ESP,TAXREV,TOT,PC_GDP,A,1969,15.998
,,,,,,,ESP,TAXREV,TOT,PC_GDP,A,1970,15.501
,,,,,,,ESP,TAXREV,TOT,PC_GDP,A,1971,15.76
,,,,,,,ESP,TAXREV,TOT,PC_GDP,A,1972,16.638
,,,,,,,ESP,TAXREV,TOT,PC_GDP,A,1973,17.195
,,,,,,,ESP,TAXREV,TOT,PC_GDP,A,1974,16.631
,,,,,,,ESP,TAXREV,TOT,PC_GDP,A,1975,17.953
,,,,,,,ESP,TAXREV,TOT,PC_GDP,A,1976,17.943
,,,,,,,ESP,TAXREV,TOT,PC_GDP,A,1977,19.71
,,,,,,,ESP,TAXREV,TOT,PC_GDP,A,1978,20.923
,,,,,,,ESP,TAXREV,TOT,PC_GDP,A,1979,21.427
,,,,,,,ESP,TAXREV,TOT,PC_GDP,A,1980,21.996
,,,,,,,ESP,TAXREV,TOT,PC_GDP,A,1981,23.202
,,,,,,,ESP,TAXREV,TOT,PC_GDP,A,1982,23.485
,,,,,,,ESP,TAXREV,TOT,PC_GDP,A,1983,25.357
,,,,,,,ESP,TAXREV,TOT,PC_GDP,A,1984,25.697
,,,,,,,ESP,TAXREV,TOT,PC_GDP,A,1985,26.837
,,,,,,,ESP,TAXREV,TOT,PC_GDP,A,1986,28.198
,,,,,,,ESP,TAXREV,TOT,PC_GDP,A,1987,29.962
,,,,,,,ESP,TAXREV,TOT,PC_GDP,A,1988,30.101
,,,,,,,ESP,TAXREV,TOT,PC_GDP,A,1989,31.824
,,,,,,,ESP,TAXREV,TOT,PC_GDP,A,1990,31.623
,,,,,,,ESP,TAXREV,TOT,PC_GDP,A,1991,31.895
,,,,,,,ESP,TAXREV,TOT,PC_GDP,A,1992,32.9
,,,,,,,ESP,TAXREV,TOT,PC_GDP,A,1993,31.952
,,,,,,,ESP,TAXREV,TOT,PC_GDP,A,1994,31.985
,,,,,,,ESP,TAXREV,TOT,PC_GDP,A,1995,31.276
,,,,,,,ESP,TAXREV,TOT,PC_GDP,A,1996,31.655
,,,,,,,ESP,TAXREV,TOT,PC_GDP,A,1997,31.923
,,,,,,,ESP,TAXREV,TOT,PC_GDP,A,1998,32.548
,,,,,,,ESP,TAXREV,TOT,PC_GDP,A,1999,33.077
,,,,,,,ESP,TAXREV,TOT,PC_GDP,A,2000,33.229
,,,,,,,ESP,TAXREV,TOT,PC_GDP,A,2001,32.838
,,,,,,,ESP,TAXREV,TOT,PC_GDP,A,2002,33.227
,,,,,,,ESP,TAXREV,TOT,PC_GDP,A,2003,33.124
,,,,,,,ESP,TAXREV,TOT,PC_GDP,A,2004,34.099
,,,,,,,ESP,TAXREV,TOT,PC_GDP,A,2005,35.143
,,,,,,,ESP,TAXREV,TOT,PC_GDP,A,2006,35.932
,,,,,,,ESP,TAXREV,TOT,PC_GDP,A,2007,36.358
,,,,,,,ESP,TAXREV,TOT,PC_GDP,A,2008,32.105
,,,,,,,ESP,TAXREV,TOT,PC_GDP,A,2009,29.708
,,,,,,,ESP,TAXREV,TOT,PC_GDP,A,2010,31.211
,,,,,,,ESP,TAXREV,TOT,PC_GDP,A,2011,31.174
,,,,,,,ESP,TAXREV,TOT,PC_GDP,A,2012,32.129
,,,,,,,ESP,TAXREV,TOT,PC_GDP,A,2013,32.914
,,,,,,,ESP,TAXREV,TOT,PC_GDP,A,2014,33.593
,,,,,,,ESP,TAXREV,TOT,PC_GDP,A,2015,33.593
,,,,,,,ESP,TAXREV,TOT,PC_GDP,A,2016,33.187
,,,,,,,ESP,TAXREV,TOT,PC_GDP,A,2017,33.658
,,,,,,,SWE,TAXREV,TOT,PC_GDP,A,1965,31.373
,,,,,,,SWE,TAXREV,TOT,PC_GDP,A,1966,32.06
,,,,,,,SWE,TAXREV,TOT,PC_GDP,A,1967,32.928
,,,,,,,SWE,TAXREV,TOT,PC_GDP,A,1968,34.822
,,,,,,,SWE,TAXREV,TOT,PC_GDP,A,1969,35.725
,,,,,,,SWE,TAXREV,TOT,PC_GDP,A,1970,35.663
,,,,,,,SWE,TAXREV,TOT,PC_GDP,A,1971,36.399
,,,,,,,SWE,TAXREV,TOT,PC_GDP,A,1972,37.647
,,,,,,,SWE,TAXREV,TOT,PC_GDP,A,1973,36.903
,,,,,,,SWE,TAXREV,TOT,PC_GDP,A,1974,37.968
,,,,,,,SWE,TAXREV,TOT,PC_GDP,A,1975,38.895
,,,,,,,SWE,TAXREV,TOT,PC_GDP,A,1976,42.718
,,,,,,,SWE,TAXREV,TOT,PC_GDP,A,1977,44.733
,,,,,,,SWE,TAXREV,TOT,PC_GDP,A,1978,45.091
,,,,,,,SWE,TAXREV,TOT,PC_GDP,A,1979,43.92
,,,,,,,SWE,TAXREV,TOT,PC_GDP,A,1980,43.748
,,,,,,,SWE,TAXREV,TOT,PC_GDP,A,1981,45.013
,,,,,,,SWE,TAXREV,TOT,PC_GDP,A,1982,44.041
,,,,,,,SWE,TAXREV,TOT,PC_GDP,A,1983,44.706
,,,,,,,SWE,TAXREV,TOT,PC_GDP,A,1984,44.319
,,,,,,,SWE,TAXREV,TOT,PC_GDP,A,1985,44.777
,,,,,,,SWE,TAXREV,TOT,PC_GDP,A,1986,47.025
,,,,,,,SWE,TAXREV,TOT,PC_GDP,A,1987,49.536
,,,,,,,SWE,TAXREV,TOT,PC_GDP,A,1988,48.83
,,,,,,,SWE,TAXREV,TOT,PC_GDP,A,1989,49.345
,,,,,,,SWE,TAXREV,TOT,PC_GDP,A,1990,49.475
,,,,,,,SWE,TAXREV,TOT,PC_GDP,A,1991,47.524
,,,,,,,SWE,TAXREV,TOT,PC_GDP,A,1992,45.043
,,,,,,,SWE,TAXREV,TOT,PC_GDP,A,1993,44.357
,,,,,,,SWE,TAXREV,TOT,PC_GDP,A,1994,44.593
,,,,,,,SWE,TAXREV,TOT,PC_GDP,A,1995,45.619
,,,,,,,SWE,TAXREV,TOT,PC_GDP,A,1996,47.372
,,,,,,,SWE,TAXREV,TOT,PC_GDP,A,1997,48.321
,,,,,,,SWE,TAXREV,TOT,PC_GDP,A,1998,48.426
,,,,,,,SWE,TAXREV,TOT,PC_GDP,A,1999,48.804
,,,,,,,SWE,TAXREV,TOT,PC_GDP,A,2000,48.984
,,,,,,,SWE,TAXREV,TOT,PC_GDP,A,2001,46.832
,,,,,,,SWE,TAXREV,TOT,PC_GDP,A,2002,45.174
,,,,,,,SWE,TAXREV,TOT,PC_GDP,A,2003,45.473
,,,,,,,SWE,TAXREV,TOT,PC_GDP,A,2004,45.654
,,,,,,,SWE,TAXREV,TOT,PC_GDP,A,2005,46.616
,,,,,,,SWE,TAXREV,TOT,PC_GDP,A,2006,45.971
,,,,,,,SWE,TAXREV,TOT,PC_GDP,A,2007,44.971
,,,,,,,SWE,TAXREV,TOT,PC_GDP,A,2008,44.007
,,,,,,,SWE,TAXREV,TOT,PC_GDP,A,2009,44.09
,,,,,,,SWE,TAXREV,TOT,PC_GDP,A,2010,43.219
,,,,,,,SWE,TAXREV,TOT,PC_GDP,A,2011,42.506
,,,,,,,SWE,TAXREV,TOT,PC_GDP,A,2012,42.57
,,,,,,,SWE,TAXREV,TOT,PC_GDP,A,2013,42.905
,,,,,,,SWE,TAXREV,TOT,PC_GDP,A,2014,42.585
,,,,,,,SWE,TAXREV,TOT,PC_GDP,A,2015,43.081
,,,,,,,SWE,TAXREV,TOT,PC_GDP,A,2016,44.044
,,,,,,,SWE,TAXREV,TOT,PC_GDP,A,2017,43.956
,,,,,,,CHE,TAXREV,TOT,PC_GDP,A,1965,16.512
,,,,,,,CHE,TAXREV,TOT,PC_GDP,A,1966,17.129
,,,,,,,CHE,TAXREV,TOT,PC_GDP,A,1967,17.132
,,,,,,,CHE,TAXREV,TOT,PC_GDP,A,1968,17.915
,,,,,,,CHE,TAXREV,TOT,PC_GDP,A,1969,18.859
,,,,,,,CHE,TAXREV,TOT,PC_GDP,A,1970,18.163
,,,,,,,CHE,TAXREV,TOT,PC_GDP,A,1971,17.893
,,,,,,,CHE,TAXREV,TOT,PC_GDP,A,1972,18.239
,,,,,,,CHE,TAXREV,TOT,PC_GDP,A,1973,20.105
,,,,,,,CHE,TAXREV,TOT,PC_GDP,A,1974,20.874
,,,,,,,CHE,TAXREV,TOT,PC_GDP,A,1975,22.487
,,,,,,,CHE,TAXREV,TOT,PC_GDP,A,1976,23.764
,,,,,,,CHE,TAXREV,TOT,PC_GDP,A,1977,23.947
,,,,,,,CHE,TAXREV,TOT,PC_GDP,A,1978,23.884
,,,,,,,CHE,TAXREV,TOT,PC_GDP,A,1979,23.475
,,,,,,,CHE,TAXREV,TOT,PC_GDP,A,1980,23.26
,,,,,,,CHE,TAXREV,TOT,PC_GDP,A,1981,23.333
,,,,,,,CHE,TAXREV,TOT,PC_GDP,A,1982,23.641
,,,,,,,CHE,TAXREV,TOT,PC_GDP,A,1983,24.18
,,,,,,,CHE,TAXREV,TOT,PC_GDP,A,1984,24.351
,,,,,,,CHE,TAXREV,TOT,PC_GDP,A,1985,23.815
,,,,,,,CHE,TAXREV,TOT,PC_GDP,A,1986,24.782
,,,,,,,CHE,TAXREV,TOT,PC_GDP,A,1987,24.51
,,,,,,,CHE,TAXREV,TOT,PC_GDP,A,1988,24.785
,,,,,,,CHE,TAXREV,TOT,PC_GDP,A,1989,24.069
,,,,,,,CHE,TAXREV,TOT,PC_GDP,A,1990,23.745
,,,,,,,CHE,TAXREV,TOT,PC_GDP,A,1991,23.556
,,,,,,,CHE,TAXREV,TOT,PC_GDP,A,1992,23.995
,,,,,,,CHE,TAXREV,TOT,PC_GDP,A,1993,24.514
,,,,,,,CHE,TAXREV,TOT,PC_GDP,A,1994,24.93
,,,,,,,CHE,TAXREV,TOT,PC_GDP,A,1995,25.519
,,,,,,,CHE,TAXREV,TOT,PC_GDP,A,1996,26.003
,,,,,,,CHE,TAXREV,TOT,PC_GDP,A,1997,25.63
,,,,,,,CHE,TAXREV,TOT,PC_GDP,A,1998,26.362
,,,,,,,CHE,TAXREV,TOT,PC_GDP,A,1999,26.568
,,,,,,,CHE,TAXREV,TOT,PC_GDP,A,2000,27.607
,,,,,,,CHE,TAXREV,TOT,PC_GDP,A,2001,27.034
,,,,,,,CHE,TAXREV,TOT,PC_GDP,A,2002,27.625
,,,,,,,CHE,TAXREV,TOT,PC_GDP,A,2003,26.931
,,,,,,,CHE,TAXREV,TOT,PC_GDP,A,2004,26.608
,,,,,,,CHE,TAXREV,TOT,PC_GDP,A,2005,26.646
,,,,,,,CHE,TAXREV,TOT,PC_GDP,A,2006,26.446
,,,,,,,CHE,TAXREV,TOT,PC_GDP,A,2007,26.204
,,,,,,,CHE,TAXREV,TOT,PC_GDP,A,2008,26.583
,,,,,,,CHE,TAXREV,TOT,PC_GDP,A,2009,26.978
,,,,,,,CHE,TAXREV,TOT,PC_GDP,A,2010,26.595
,,,,,,,CHE,TAXREV,TOT,PC_GDP,A,2011,26.893
,,,,,,,CHE,TAXREV,TOT,PC_GDP,A,2012,26.91
,,,,,,,CHE,TAXREV,TOT,PC_GDP,A,2013,26.998
,,,,,,,CHE,TAXREV,TOT,PC_GDP,A,2014,26.882
,,,,,,,CHE,TAXREV,TOT,PC_GDP,A,2015,27.595
,,,,,,,CHE,TAXREV,TOT,PC_GDP,A,2016,27.763
,,,,,,,CHE,TAXREV,TOT,PC_GDP,A,2017,28.456
,,,,,,,TUR,TAXREV,TOT,PC_GDP,A,1965,10.565
,,,,,,,TUR,TAXREV,TOT,PC_GDP,A,1966,10.678
,,,,,,,TUR,TAXREV,TOT,PC_GDP,A,1967,11.412
,,,,,,,TUR,TAXREV,TOT,PC_GDP,A,1968,11.274
,,,,,,,TUR,TAXREV,TOT,PC_GDP,A,1969,12.194
,,,,,,,TUR,TAXREV,TOT,PC_GDP,A,1970,9.06
,,,,,,,TUR,TAXREV,TOT,PC_GDP,A,1971,10.402
,,,,,,,TUR,TAXREV,TOT,PC_GDP,A,1972,10.583
,,,,,,,TUR,TAXREV,TOT,PC_GDP,A,1973,11.012
,,,,,,,TUR,TAXREV,TOT,PC_GDP,A,1974,10.271
,,,,,,,TUR,TAXREV,TOT,PC_GDP,A,1975,11.604
,,,,,,,TUR,TAXREV,TOT,PC_GDP,A,1976,11.857
,,,,,,,TUR,TAXREV,TOT,PC_GDP,A,1977,12.387
,,,,,,,TUR,TAXREV,TOT,PC_GDP,A,1978,12.087
,,,,,,,TUR,TAXREV,TOT,PC_GDP,A,1979,11.436
,,,,,,,TUR,TAXREV,TOT,PC_GDP,A,1980,13.033
,,,,,,,TUR,TAXREV,TOT,PC_GDP,A,1981,13.809
,,,,,,,TUR,TAXREV,TOT,PC_GDP,A,1982,13.374
,,,,,,,TUR,TAXREV,TOT,PC_GDP,A,1983,12.483
,,,,,,,TUR,TAXREV,TOT,PC_GDP,A,1984,10.415
,,,,,,,TUR,TAXREV,TOT,PC_GDP,A,1985,11.217
,,,,,,,TUR,TAXREV,TOT,PC_GDP,A,1986,12.736
,,,,,,,TUR,TAXREV,TOT,PC_GDP,A,1987,13.668
,,,,,,,TUR,TAXREV,TOT,PC_GDP,A,1988,12.931
,,,,,,,TUR,TAXREV,TOT,PC_GDP,A,1989,13.567
,,,,,,,TUR,TAXREV,TOT,PC_GDP,A,1990,14.547
,,,,,,,TUR,TAXREV,TOT,PC_GDP,A,1991,15.246
,,,,,,,TUR,TAXREV,TOT,PC_GDP,A,1992,16.294
,,,,,,,TUR,TAXREV,TOT,PC_GDP,A,1993,16.468
,,,,,,,TUR,TAXREV,TOT,PC_GDP,A,1994,16.156
,,,,,,,TUR,TAXREV,TOT,PC_GDP,A,1995,16.39
,,,,,,,TUR,TAXREV,TOT,PC_GDP,A,1996,18.464
,,,,,,,TUR,TAXREV,TOT,PC_GDP,A,1997,20.244
,,,,,,,TUR,TAXREV,TOT,PC_GDP,A,1998,20.615
,,,,,,,TUR,TAXREV,TOT,PC_GDP,A,1999,22.59
,,,,,,,TUR,TAXREV,TOT,PC_GDP,A,2000,23.592
,,,,,,,TUR,TAXREV,TOT,PC_GDP,A,2001,25.551
,,,,,,,TUR,TAXREV,TOT,PC_GDP,A,2002,24.009
,,,,,,,TUR,TAXREV,TOT,PC_GDP,A,2003,25.201
,,,,,,,TUR,TAXREV,TOT,PC_GDP,A,2004,23.322
,,,,,,,TUR,TAXREV,TOT,PC_GDP,A,2005,23.366
,,,,,,,TUR,TAXREV,TOT,PC_GDP,A,2006,23.565
,,,,,,,TUR,TAXREV,TOT,PC_GDP,A,2007,23.062
,,,,,,,TUR,TAXREV,TOT,PC_GDP,A,2008,23.145
,,,,,,,TUR,TAXREV,TOT,PC_GDP,A,2009,23.486
,,,,,,,TUR,TAXREV,TOT,PC_GDP,A,2010,24.816
,,,,,,,TUR,TAXREV,TOT,PC_GDP,A,2011,25.899
,,,,,,,TUR,TAXREV,TOT,PC_GDP,A,2012,24.946
,,,,,,,TUR,TAXREV,TOT,PC_GDP,A,2013,25.346
,,,,,,,TUR,TAXREV,TOT,PC_GDP,A,2014,24.582
,,,,,,,TUR,TAXREV,TOT,PC_GDP,A,2015,25.088
,,,,,,,TUR,TAXREV,TOT,PC_GDP,A,2016,25.302
,,,,,,,TUR,TAXREV,TOT,PC_GDP,A,2017,24.891
,,,,,,,GBR,TAXREV,TOT,PC_GDP,A,1965,30.097
,,,,,,,GBR,TAXREV,TOT,PC_GDP,A,1966,30.808
,,,,,,,GBR,TAXREV,TOT,PC_GDP,A,1967,32.52
,,,,,,,GBR,TAXREV,TOT,PC_GDP,A,1968,33.354
,,,,,,,GBR,TAXREV,TOT,PC_GDP,A,1969,34.896
,,,,,,,GBR,TAXREV,TOT,PC_GDP,A,1970,35.041
,,,,,,,GBR,TAXREV,TOT,PC_GDP,A,1971,33.137
,,,,,,,GBR,TAXREV,TOT,PC_GDP,A,1972,31.554
,,,,,,,GBR,TAXREV,TOT,PC_GDP,A,1973,29.677
,,,,,,,GBR,TAXREV,TOT,PC_GDP,A,1974,32.773
,,,,,,,GBR,TAXREV,TOT,PC_GDP,A,1975,34.174
,,,,,,,GBR,TAXREV,TOT,PC_GDP,A,1976,33.954
,,,,,,,GBR,TAXREV,TOT,PC_GDP,A,1977,33.411
,,,,,,,GBR,TAXREV,TOT,PC_GDP,A,1978,31.616
,,,,,,,GBR,TAXREV,TOT,PC_GDP,A,1979,30.693
,,,,,,,GBR,TAXREV,TOT,PC_GDP,A,1980,33.383
,,,,,,,GBR,TAXREV,TOT,PC_GDP,A,1981,34.517
,,,,,,,GBR,TAXREV,TOT,PC_GDP,A,1982,36.712
,,,,,,,GBR,TAXREV,TOT,PC_GDP,A,1983,35.091
,,,,,,,GBR,TAXREV,TOT,PC_GDP,A,1984,35.19
,,,,,,,GBR,TAXREV,TOT,PC_GDP,A,1985,35.069
,,,,,,,GBR,TAXREV,TOT,PC_GDP,A,1986,35.517
,,,,,,,GBR,TAXREV,TOT,PC_GDP,A,1987,33.972
,,,,,,,GBR,TAXREV,TOT,PC_GDP,A,1988,33.828
,,,,,,,GBR,TAXREV,TOT,PC_GDP,A,1989,33.007
,,,,,,,GBR,TAXREV,TOT,PC_GDP,A,1990,32.877
,,,,,,,GBR,TAXREV,TOT,PC_GDP,A,1991,31.692
,,,,,,,GBR,TAXREV,TOT,PC_GDP,A,1992,30.9
,,,,,,,GBR,TAXREV,TOT,PC_GDP,A,1993,29.883
,,,,,,,GBR,TAXREV,TOT,PC_GDP,A,1994,30.615
,,,,,,,GBR,TAXREV,TOT,PC_GDP,A,1995,29.485
,,,,,,,GBR,TAXREV,TOT,PC_GDP,A,1996,29.311
,,,,,,,GBR,TAXREV,TOT,PC_GDP,A,1997,29.962
,,,,,,,GBR,TAXREV,TOT,PC_GDP,A,1998,31.462
,,,,,,,GBR,TAXREV,TOT,PC_GDP,A,1999,32.22
,,,,,,,GBR,TAXREV,TOT,PC_GDP,A,2000,32.924
,,,,,,,GBR,TAXREV,TOT,PC_GDP,A,2001,32.58
,,,,,,,GBR,TAXREV,TOT,PC_GDP,A,2002,31.546
,,,,,,,GBR,TAXREV,TOT,PC_GDP,A,2003,31.272
,,,,,,,GBR,TAXREV,TOT,PC_GDP,A,2004,32.283
,,,,,,,GBR,TAXREV,TOT,PC_GDP,A,2005,32.676
,,,,,,,GBR,TAXREV,TOT,PC_GDP,A,2006,32.903
,,,,,,,GBR,TAXREV,TOT,PC_GDP,A,2007,32.966
,,,,,,,GBR,TAXREV,TOT,PC_GDP,A,2008,32.298
,,,,,,,GBR,TAXREV,TOT,PC_GDP,A,2009,31.225
,,,,,,,GBR,TAXREV,TOT,PC_GDP,A,2010,32.311
,,,,,,,GBR,TAXREV,TOT,PC_GDP,A,2011,33.207
,,,,,,,GBR,TAXREV,TOT,PC_GDP,A,2012,32.406
,,,,,,,GBR,TAXREV,TOT,PC_GDP,A,2013,32.199
,,,,,,,GBR,TAXREV,TOT,PC_GDP,A,2014,31.825
,,,,,,,GBR,TAXREV,TOT,PC_GDP,A,2015,32.156
,,,,,,,GBR,TAXREV,TOT,PC_GDP,A,2016,32.734
,,,,,,,GBR,TAXREV,TOT,PC_GDP,A,2017,33.258
,,,,,,,USA,TAXREV,TOT,PC_GDP,A,1965,23.5
,,,,,,,USA,TAXREV,TOT,PC_GDP,A,1966,23.767
,,,,,,,USA,TAXREV,TOT,PC_GDP,A,1967,24.844
,,,,,,,USA,TAXREV,TOT,PC_GDP,A,1968,24.288
,,,,,,,USA,TAXREV,TOT,PC_GDP,A,1969,26.606
,,,,,,,USA,TAXREV,TOT,PC_GDP,A,1970,25.721
,,,,,,,USA,TAXREV,TOT,PC_GDP,A,1971,23.869
,,,,,,,USA,TAXREV,TOT,PC_GDP,A,1972,24.414
,,,,,,,USA,TAXREV,TOT,PC_GDP,A,1973,24.416
,,,,,,,USA,TAXREV,TOT,PC_GDP,A,1974,25.151
,,,,,,,USA,TAXREV,TOT,PC_GDP,A,1975,24.595
,,,,,,,USA,TAXREV,TOT,PC_GDP,A,1976,23.968
,,,,,,,USA,TAXREV,TOT,PC_GDP,A,1977,25.215
,,,,,,,USA,TAXREV,TOT,PC_GDP,A,1978,24.963
,,,,,,,USA,TAXREV,TOT,PC_GDP,A,1979,25.17
,,,,,,,USA,TAXREV,TOT,PC_GDP,A,1980,25.526
,,,,,,,USA,TAXREV,TOT,PC_GDP,A,1981,25.94
,,,,,,,USA,TAXREV,TOT,PC_GDP,A,1982,26.045
,,,,,,,USA,TAXREV,TOT,PC_GDP,A,1983,23.986
,,,,,,,USA,TAXREV,TOT,PC_GDP,A,1984,24.092
,,,,,,,USA,TAXREV,TOT,PC_GDP,A,1985,24.614
,,,,,,,USA,TAXREV,TOT,PC_GDP,A,1986,24.573
,,,,,,,USA,TAXREV,TOT,PC_GDP,A,1987,25.611
,,,,,,,USA,TAXREV,TOT,PC_GDP,A,1988,25.4
,,,,,,,USA,TAXREV,TOT,PC_GDP,A,1989,25.59
,,,,,,,USA,TAXREV,TOT,PC_GDP,A,1990,25.962
,,,,,,,USA,TAXREV,TOT,PC_GDP,A,1991,25.789
,,,,,,,USA,TAXREV,TOT,PC_GDP,A,1992,25.671
,,,,,,,USA,TAXREV,TOT,PC_GDP,A,1993,25.874
,,,,,,,USA,TAXREV,TOT,PC_GDP,A,1994,26.208
,,,,,,,USA,TAXREV,TOT,PC_GDP,A,1995,26.465
,,,,,,,USA,TAXREV,TOT,PC_GDP,A,1996,26.954
,,,,,,,USA,TAXREV,TOT,PC_GDP,A,1997,27.386
,,,,,,,USA,TAXREV,TOT,PC_GDP,A,1998,27.786
,,,,,,,USA,TAXREV,TOT,PC_GDP,A,1999,27.847
,,,,,,,USA,TAXREV,TOT,PC_GDP,A,2000,28.202
,,,,,,,USA,TAXREV,TOT,PC_GDP,A,2001,27.159
,,,,,,,USA,TAXREV,TOT,PC_GDP,A,2002,24.942
,,,,,,,USA,TAXREV,TOT,PC_GDP,A,2003,24.399
,,,,,,,USA,TAXREV,TOT,PC_GDP,A,2004,24.623
,,,,,,,USA,TAXREV,TOT,PC_GDP,A,2005,25.933
,,,,,,,USA,TAXREV,TOT,PC_GDP,A,2006,26.663
,,,,,,,USA,TAXREV,TOT,PC_GDP,A,2007,26.713
,,,,,,,USA,TAXREV,TOT,PC_GDP,A,2008,25.69
,,,,,,,USA,TAXREV,TOT,PC_GDP,A,2009,23.017
,,,,,,,USA,TAXREV,TOT,PC_GDP,A,2010,23.494
,,,,,,,USA,TAXREV,TOT,PC_GDP,A,2011,23.9
,,,,,,,USA,TAXREV,TOT,PC_GDP,A,2012,24.069
,,,,,,,USA,TAXREV,TOT,PC_GDP,A,2013,25.653
,,,,,,,USA,TAXREV,TOT,PC_GDP,A,2014,25.975
,,,,,,,USA,TAXREV,TOT,PC_GDP,A,2015,26.235
,,,,,,,USA,TAXREV,TOT,PC_GDP,A,2016,25.888
,,,,,,,USA,TAXREV,TOT,PC_GDP,A,2017,27.143
,,,,,,,CHL,TAXREV,TOT,PC_GDP,A,1990,16.889
,,,,,,,CHL,TAXREV,TOT,PC_GDP,A,1991,17.787
,,,,,,,CHL,TAXREV,TOT,PC_GDP,A,1992,18.459
,,,,,,,CHL,TAXREV,TOT,PC_GDP,A,1993,18.654
,,,,,,,CHL,TAXREV,TOT,PC_GDP,A,1994,18.405
,,,,,,,CHL,TAXREV,TOT,PC_GDP,A,1995,18.3
,,,,,,,CHL,TAXREV,TOT,PC_GDP,A,1996,19.541
,,,,,,,CHL,TAXREV,TOT,PC_GDP,A,1997,19.049
,,,,,,,CHL,TAXREV,TOT,PC_GDP,A,1998,18.835
,,,,,,,CHL,TAXREV,TOT,PC_GDP,A,1999,18.079
,,,,,,,CHL,TAXREV,TOT,PC_GDP,A,2000,18.812
,,,,,,,CHL,TAXREV,TOT,PC_GDP,A,2001,19.046
,,,,,,,CHL,TAXREV,TOT,PC_GDP,A,2002,19.091
,,,,,,,CHL,TAXREV,TOT,PC_GDP,A,2003,18.84
,,,,,,,CHL,TAXREV,TOT,PC_GDP,A,2004,19.086
,,,,,,,CHL,TAXREV,TOT,PC_GDP,A,2005,20.725
,,,,,,,CHL,TAXREV,TOT,PC_GDP,A,2006,21.979
,,,,,,,CHL,TAXREV,TOT,PC_GDP,A,2007,22.71
,,,,,,,CHL,TAXREV,TOT,PC_GDP,A,2008,21.406
,,,,,,,CHL,TAXREV,TOT,PC_GDP,A,2009,17.334
,,,,,,,CHL,TAXREV,TOT,PC_GDP,A,2010,19.591
,,,,,,,CHL,TAXREV,TOT,PC_GDP,A,2011,21.116
,,,,,,,CHL,TAXREV,TOT,PC_GDP,A,2012,21.328
,,,,,,,CHL,TAXREV,TOT,PC_GDP,A,2013,19.86
,,,,,,,CHL,TAXREV,TOT,PC_GDP,A,2014,19.61
,,,,,,,CHL,TAXREV,TOT,PC_GDP,A,2015,20.383
,,,,,,,CHL,TAXREV,TOT,PC_GDP,A,2016,20.163
,,,,,,,CHL,TAXREV,TOT,PC_GDP,A,2017,20.158
,,,,,,,EST,TAXREV,TOT,PC_GDP,A,1995,36.033
,,,,,,,EST,TAXREV,TOT,PC_GDP,A,1996,34.108
,,,,,,,EST,TAXREV,TOT,PC_GDP,A,1997,34.137
,,,,,,,EST,TAXREV,TOT,PC_GDP,A,1998,33.963
,,,,,,,EST,TAXREV,TOT,PC_GDP,A,1999,32.54
,,,,,,,EST,TAXREV,TOT,PC_GDP,A,2000,31.091
,,,,,,,EST,TAXREV,TOT,PC_GDP,A,2001,30.368
,,,,,,,EST,TAXREV,TOT,PC_GDP,A,2002,31.176
,,,,,,,EST,TAXREV,TOT,PC_GDP,A,2003,30.897
,,,,,,,EST,TAXREV,TOT,PC_GDP,A,2004,31.208
,,,,,,,EST,TAXREV,TOT,PC_GDP,A,2005,29.969
,,,,,,,EST,TAXREV,TOT,PC_GDP,A,2006,30.543
,,,,,,,EST,TAXREV,TOT,PC_GDP,A,2007,31.279
,,,,,,,EST,TAXREV,TOT,PC_GDP,A,2008,31.429
,,,,,,,EST,TAXREV,TOT,PC_GDP,A,2009,34.918
,,,,,,,EST,TAXREV,TOT,PC_GDP,A,2010,33.252
,,,,,,,EST,TAXREV,TOT,PC_GDP,A,2011,31.512
,,,,,,,EST,TAXREV,TOT,PC_GDP,A,2012,31.667
,,,,,,,EST,TAXREV,TOT,PC_GDP,A,2013,31.63
,,,,,,,EST,TAXREV,TOT,PC_GDP,A,2014,32.267
,,,,,,,EST,TAXREV,TOT,PC_GDP,A,2015,33.307
,,,,,,,EST,TAXREV,TOT,PC_GDP,A,2016,33.731
,,,,,,,EST,TAXREV,TOT,PC_GDP,A,2017,32.967
,,,,,,,ISR,TAXREV,TOT,PC_GDP,A,1995,35.421
,,,,,,,ISR,TAXREV,TOT,PC_GDP,A,1996,34.855
,,,,,,,ISR,TAXREV,TOT,PC_GDP,A,1997,35.407
,,,,,,,ISR,TAXREV,TOT,PC_GDP,A,1998,34.352
,,,,,,,ISR,TAXREV,TOT,PC_GDP,A,1999,34.194
,,,,,,,ISR,TAXREV,TOT,PC_GDP,A,2000,34.892
,,,,,,,ISR,TAXREV,TOT,PC_GDP,A,2001,34.742
,,,,,,,ISR,TAXREV,TOT,PC_GDP,A,2002,33.964
,,,,,,,ISR,TAXREV,TOT,PC_GDP,A,2003,33.288
,,,,,,,ISR,TAXREV,TOT,PC_GDP,A,2004,33.331
,,,,,,,ISR,TAXREV,TOT,PC_GDP,A,2005,33.712
,,,,,,,ISR,TAXREV,TOT,PC_GDP,A,2006,34.264
,,,,,,,ISR,TAXREV,TOT,PC_GDP,A,2007,34.229
,,,,,,,ISR,TAXREV,TOT,PC_GDP,A,2008,31.979
,,,,,,,ISR,TAXREV,TOT,PC_GDP,A,2009,29.834
,,,,,,,ISR,TAXREV,TOT,PC_GDP,A,2010,30.745
,,,,,,,ISR,TAXREV,TOT,PC_GDP,A,2011,30.9
,,,,,,,ISR,TAXREV,TOT,PC_GDP,A,2012,30.027
,,,,,,,ISR,TAXREV,TOT,PC_GDP,A,2013,30.805
,,,,,,,ISR,TAXREV,TOT,PC_GDP,A,2014,31.152
,,,,,,,ISR,TAXREV,TOT,PC_GDP,A,2015,31.311
,,,,,,,ISR,TAXREV,TOT,PC_GDP,A,2016,31.289
,,,,,,,ISR,TAXREV,TOT,PC_GDP,A,2017,32.731
,,,,,,,SVN,TAXREV,TOT,PC_GDP,A,1995,38.36
,,,,,,,SVN,TAXREV,TOT,PC_GDP,A,1996,37.238
,,,,,,,SVN,TAXREV,TOT,PC_GDP,A,1997,36.145
,,,,,,,SVN,TAXREV,TOT,PC_GDP,A,1998,36.924
,,,,,,,SVN,TAXREV,TOT,PC_GDP,A,1999,37.287
,,,,,,,SVN,TAXREV,TOT,PC_GDP,A,2000,36.629
,,,,,,,SVN,TAXREV,TOT,PC_GDP,A,2001,36.822
,,,,,,,SVN,TAXREV,TOT,PC_GDP,A,2002,37.162
,,,,,,,SVN,TAXREV,TOT,PC_GDP,A,2003,37.335
,,,,,,,SVN,TAXREV,TOT,PC_GDP,A,2004,37.432
,,,,,,,SVN,TAXREV,TOT,PC_GDP,A,2005,37.953
,,,,,,,SVN,TAXREV,TOT,PC_GDP,A,2006,37.646
,,,,,,,SVN,TAXREV,TOT,PC_GDP,A,2007,37.066
,,,,,,,SVN,TAXREV,TOT,PC_GDP,A,2008,36.388
,,,,,,,SVN,TAXREV,TOT,PC_GDP,A,2009,36.212
,,,,,,,SVN,TAXREV,TOT,PC_GDP,A,2010,36.898
,,,,,,,SVN,TAXREV,TOT,PC_GDP,A,2011,36.475
,,,,,,,SVN,TAXREV,TOT,PC_GDP,A,2012,36.797
,,,,,,,SVN,TAXREV,TOT,PC_GDP,A,2013,36.423
,,,,,,,SVN,TAXREV,TOT,PC_GDP,A,2014,36.189
,,,,,,,SVN,TAXREV,TOT,PC_GDP,A,2015,36.353
,,,,,,,SVN,TAXREV,TOT,PC_GDP,A,2016,36.45
,,,,,,,SVN,TAXREV,TOT,PC_GDP,A,2017,36.021
,,,,,,,OAVG,TAXREV,TOT,PC_GDP,A,1965,24.879
,,,,,,,OAVG,TAXREV,TOT,PC_GDP,A,1966,25.357
,,,,,,,OAVG,TAXREV,TOT,PC_GDP,A,1967,26.238
,,,,,,,OAVG,TAXREV,TOT,PC_GDP,A,1968,26.501
,,,,,,,OAVG,TAXREV,TOT,PC_GDP,A,1969,27.054
,,,,,,,OAVG,TAXREV,TOT,PC_GDP,A,1970,26.758
,,,,,,,OAVG,TAXREV,TOT,PC_GDP,A,1971,27.25
,,,,,,,OAVG,TAXREV,TOT,PC_GDP,A,1972,26.877
,,,,,,,OAVG,TAXREV,TOT,PC_GDP,A,1973,27.061
,,,,,,,OAVG,TAXREV,TOT,PC_GDP,A,1974,27.894
,,,,,,,OAVG,TAXREV,TOT,PC_GDP,A,1975,28.661
,,,,,,,OAVG,TAXREV,TOT,PC_GDP,A,1976,29.521
,,,,,,,OAVG,TAXREV,TOT,PC_GDP,A,1977,30.179
,,,,,,,OAVG,TAXREV,TOT,PC_GDP,A,1978,30.082
,,,,,,,OAVG,TAXREV,TOT,PC_GDP,A,1979,30.006
,,,,,,,OAVG,TAXREV,TOT,PC_GDP,A,1980,30.124
,,,,,,,OAVG,TAXREV,TOT,PC_GDP,A,1981,30.772
,,,,,,,OAVG,TAXREV,TOT,PC_GDP,A,1982,31.121
,,,,,,,OAVG,TAXREV,TOT,PC_GDP,A,1983,31.255
,,,,,,,OAVG,TAXREV,TOT,PC_GDP,A,1984,31.334
,,,,,,,OAVG,TAXREV,TOT,PC_GDP,A,1985,31.566
,,,,,,,OAVG,TAXREV,TOT,PC_GDP,A,1986,32.203
,,,,,,,OAVG,TAXREV,TOT,PC_GDP,A,1987,32.635
,,,,,,,OAVG,TAXREV,TOT,PC_GDP,A,1988,32.627
,,,,,,,OAVG,TAXREV,TOT,PC_GDP,A,1989,32.433
,,,,,,,OAVG,TAXREV,TOT,PC_GDP,A,1990,31.936
,,,,,,,OAVG,TAXREV,TOT,PC_GDP,A,1991,32.44
,,,,,,,OAVG,TAXREV,TOT,PC_GDP,A,1992,32.691
,,,,,,,OAVG,TAXREV,TOT,PC_GDP,A,1993,33.048
,,,,,,,OAVG,TAXREV,TOT,PC_GDP,A,1994,33.001
,,,,,,,OAVG,TAXREV,TOT,PC_GDP,A,1995,33.05
,,,,,,,OAVG,TAXREV,TOT,PC_GDP,A,1996,33.383
,,,,,,,OAVG,TAXREV,TOT,PC_GDP,A,1997,33.42
,,,,,,,OAVG,TAXREV,TOT,PC_GDP,A,1998,33.598
,,,,,,,OAVG,TAXREV,TOT,PC_GDP,A,1999,33.802
,,,,,,,OAVG,TAXREV,TOT,PC_GDP,A,2000,33.772
,,,,,,,OAVG,TAXREV,TOT,PC_GDP,A,2001,33.252
,,,,,,,OAVG,TAXREV,TOT,PC_GDP,A,2002,33.01
,,,,,,,OAVG,TAXREV,TOT,PC_GDP,A,2003,32.927
,,,,,,,OAVG,TAXREV,TOT,PC_GDP,A,2004,32.884
,,,,,,,OAVG,TAXREV,TOT,PC_GDP,A,2005,33.354
,,,,,,,OAVG,TAXREV,TOT,PC_GDP,A,2006,33.497
,,,,,,,OAVG,TAXREV,TOT,PC_GDP,A,2007,33.559
,,,,,,,OAVG,TAXREV,TOT,PC_GDP,A,2008,32.928
,,,,,,,OAVG,TAXREV,TOT,PC_GDP,A,2009,32.209
,,,,,,,OAVG,TAXREV,TOT,PC_GDP,A,2010,32.306
,,,,,,,OAVG,TAXREV,TOT,PC_GDP,A,2011,32.612
,,,,,,,OAVG,TAXREV,TOT,PC_GDP,A,2012,33.068
,,,,,,,OAVG,TAXREV,TOT,PC_GDP,A,2013,33.358
,,,,,,,OAVG,TAXREV,TOT,PC_GDP,A,2014,33.595
,,,,,,,OAVG,TAXREV,TOT,PC_GDP,A,2015,33.723
,,,,,,,OAVG,TAXREV,TOT,PC_GDP,A,2016,34.032
,,,,,,,OAVG,TAXREV,TOT,PC_GDP,A,2017,34.192
,,,,,,,LVA,TAXREV,TOT,PC_GDP,A,1995,29.719
,,,,,,,LVA,TAXREV,TOT,PC_GDP,A,1996,29.193
,,,,,,,LVA,TAXREV,TOT,PC_GDP,A,1997,30.261
,,,,,,,LVA,TAXREV,TOT,PC_GDP,A,1998,31.222
,,,,,,,LVA,TAXREV,TOT,PC_GDP,A,1999,30.254
,,,,,,,LVA,TAXREV,TOT,PC_GDP,A,2000,29.127
,,,,,,,LVA,TAXREV,TOT,PC_GDP,A,2001,28.162
,,,,,,,LVA,TAXREV,TOT,PC_GDP,A,2002,27.846
,,,,,,,LVA,TAXREV,TOT,PC_GDP,A,2003,27.466
,,,,,,,LVA,TAXREV,TOT,PC_GDP,A,2004,27.667
,,,,,,,LVA,TAXREV,TOT,PC_GDP,A,2005,27.937
,,,,,,,LVA,TAXREV,TOT,PC_GDP,A,2006,28.74
,,,,,,,LVA,TAXREV,TOT,PC_GDP,A,2007,28.214
,,,,,,,LVA,TAXREV,TOT,PC_GDP,A,2008,27.779
,,,,,,,LVA,TAXREV,TOT,PC_GDP,A,2009,27.963
,,,,,,,LVA,TAXREV,TOT,PC_GDP,A,2010,28.221
,,,,,,,LVA,TAXREV,TOT,PC_GDP,A,2011,27.823
,,,,,,,LVA,TAXREV,TOT,PC_GDP,A,2012,28.597
,,,,,,,LVA,TAXREV,TOT,PC_GDP,A,2013,28.646
,,,,,,,LVA,TAXREV,TOT,PC_GDP,A,2014,28.975
,,,,,,,LVA,TAXREV,TOT,PC_GDP,A,2015,29.221
,,,,,,,LVA,TAXREV,TOT,PC_GDP,A,2016,30.371
,,,,,,,LVA,TAXREV,TOT,PC_GDP,A,2017,30.403
